ID,Name,hit0_Radius,hit1_Radius,hit2_Radius,hit3_Radius,knockbackDist,hitStopTime,spEffectId0,spEffectId1,spEffectId2,spEffectId3,spEffectId4,hit0_DmyPoly1,hit1_DmyPoly1,hit2_DmyPoly1,hit3_DmyPoly1,hit0_DmyPoly2,hit1_DmyPoly2,hit2_DmyPoly2,hit3_DmyPoly2,blowingCorrection,atkPhysCorrection,atkMagCorrection,atkFireCorrection,atkThunCorrection,atkStamCorrection,guardAtkRateCorrection,guardBreakCorrection,atkThrowEscapeCorrection,subCategory1,subCategory2,atkPhys,atkMag,atkFire,atkThun,atkStam,guardAtkRate,guardBreakRate,pad6,isEnableCalcDamageForBushesObj,atkThrowEscape,atkObj,guardStaminaCutRate,guardRate,throwTypeId,hit0_hitType,hit1_hitType,hit2_hitType,hit3_hitType,hti0_Priority,hti1_Priority,hti2_Priority,hti3_Priority,dmgLevel,mapHitType,guardCutCancelRate,atkAttribute,spAttribute,atkType,atkMaterial,guardRangeType,defSeMaterial1,hitSourceType,throwFlag,disableGuard,disableStaminaAttack,disableHitSpEffect,IgnoreNotifyMissSwingForAI,repeatHitSfx,isArrowAtk,isGhostAtk,isDisableNoDamage,atkPow_forSfx,atkDir_forSfx,opposeTarget,friendlyTarget,selfTarget,isCheckDoorPenetration,isVsRideAtk,isAddBaseAtk,excludeThreatLvNotify,pad1,atkBehaviorId,atkPow_forSe,atkSuperArmor,decalId1,decalId2,AppearAiSoundId,HitAiSoundId,HitRumbleId,HitRumbleIdByNormal,HitRumbleIdByMiddle,HitRumbleIdByRoot,traceSfxId0,traceDmyIdHead0,traceDmyIdTail0,traceSfxId1,traceDmyIdHead1,traceDmyIdTail1,traceSfxId2,traceDmyIdHead2,traceDmyIdTail2,traceSfxId3,traceDmyIdHead3,traceDmyIdTail3,traceSfxId4,traceDmyIdHead4,traceDmyIdTail4,traceSfxId5,traceDmyIdHead5,traceDmyIdTail5,traceSfxId6,traceDmyIdHead6,traceDmyIdTail6,traceSfxId7,traceDmyIdHead7,traceDmyIdTail7,hit4_Radius,hit5_Radius,hit6_Radius,hit7_Radius,hit8_Radius,hit9_Radius,hit10_Radius,hit11_Radius,hit12_Radius,hit13_Radius,hit14_Radius,hit15_Radius,hit4_DmyPoly1,hit5_DmyPoly1,hit6_DmyPoly1,hit7_DmyPoly1,hit8_DmyPoly1,hit9_DmyPoly1,hit10_DmyPoly1,hit11_DmyPoly1,hit12_DmyPoly1,hit13_DmyPoly1,hit14_DmyPoly1,hit15_DmyPoly1,hit4_DmyPoly2,hit5_DmyPoly2,hit6_DmyPoly2,hit7_DmyPoly2,hit8_DmyPoly2,hit9_DmyPoly2,hit10_DmyPoly2,hit11_DmyPoly2,hit12_DmyPoly2,hit13_DmyPoly2,hit14_DmyPoly2,hit15_DmyPoly2,hit4_hitType,hit5_hitType,hit6_hitType,hit7_hitType,hit8_hitType,hit9_hitType,hit10_hitType,hit11_hitType,hit12_hitType,hit13_hitType,hit14_hitType,hit15_hitType,hti4_Priority,hti5_Priority,hti6_Priority,hti7_Priority,hti8_Priority,hti9_Priority,hti10_Priority,hti11_Priority,hti12_Priority,hti13_Priority,hti14_Priority,hti15_Priority,defSfxMaterial1,defSeMaterial2,defSfxMaterial2,atkDarkCorrection,atkDark,pad5,isDisableParry,isDisableBothHandsAtkBonus,isInvalidatedByNoDamageInAir,pad2,dmgLevel_vsPlayer,statusAilmentAtkPowerCorrectRate,spEffectAtkPowerCorrectRate_byPoint,spEffectAtkPowerCorrectRate_byRate,spEffectAtkPowerCorrectRate_byDmg,atkBehaviorId_2,throwDamageAttribute,statusAilmentAtkPowerCorrectRate_byPoint,overwriteAttackElementCorrectId,decalBaseId1,decalBaseId2,wepRegainHpScale,atkRegainHp,regainableTimeScale,regainableHpRateScale,regainableSlotId,spAttributeVariationValue,parryForwardOffset,atkSuperArmorCorrection,defSfxMaterialVariationValue,pad4,finalDamageRateId,subCategory3,subCategory4,pad7,
5010140,[DLC - Golden Hippopotamus] Attack,1.5,0,0,0,1.25,0,-1,-1,-1,-1,-1,10,0,0,0,-1,0,0,0,0,0,0,0,0,0,0,0,0,0,0,150,0,0,0,0,100,0,0,0,0,10,0,0,4100,0,0,0,0,0,0,0,0,1,0,0,0,0,0,0,0,0,0,1,0,0,0,0,0,0,0,0,1,0,1,0,0,0,0,0,0,0,0,0,20,-1,-1,2100,2000,-1,-1,-1,-1,401000,300,-1,-1,-1,-1,-1,-1,-1,-1,-1,-1,-1,-1,-1,-1,-1,-1,-1,-1,-1,-1,-1,-1,0,0,0,0,0,0,0,0,0,0,0,0,0,0,0,0,0,0,0,0,0,0,0,0,0,0,0,0,0,0,0,0,0,0,0,0,0,0,0,0,0,0,0,0,0,0,0,0,0,0,0,0,0,0,0,0,0,0,0,0,0,139,139,0,0,0,1,0,0,0,0,100,100,100,100,0,0,100,-1,0,100,100,0,1,1,-1,0,0,0,0,[0|0|0],-1,0,0,[0|0|0|0|0|0|0|0|0|0]
5020100,[DLC - Putrescent Knight] Attack,0.7,0.7,0.7,1,2,0,24003,-1,-1,-1,-1,15,16,17,18,16,17,18,19,0,0,0,0,0,0,0,0,0,0,0,260,0,0,0,120,100,0,0,0,0,100,0,0,0,0,0,0,0,0,0,0,0,2,0,0,0,0,0,0,0,0,0,0,0,0,0,0,0,0,0,0,1,4,1,0,0,0,0,0,0,0,0,0,20,-1,-1,2110,2010,-1,-1,-1,-1,401000,310,314,-1,-1,-1,-1,-1,-1,-1,-1,-1,-1,-1,-1,-1,-1,-1,-1,-1,-1,-1,-1,-1,0,0,0,0,0,0,0,0,0,0,0,0,0,0,0,0,0,0,0,0,0,0,0,0,0,0,0,0,0,0,0,0,0,0,0,0,0,0,0,0,0,0,0,0,0,0,0,0,0,0,0,0,0,0,0,0,0,0,0,0,0,139,139,0,0,0,1,0,0,0,0,100,100,100,100,0,0,100,-1,0,100,100,0,1,1,-1,0,0,0,0,[0|0|0],-1,0,0,[0|0|0|0|0|0|0|0|0|0]
5020110,[DLC - Putrescent Knight] Attack,0.7,0.7,0.7,1,2,0,24003,-1,-1,-1,-1,15,16,17,18,16,17,18,19,0,0,0,0,0,0,0,0,0,0,0,270,0,0,0,130,100,0,0,0,0,100,0,0,0,0,0,0,0,0,0,0,0,2,0,0,0,0,0,0,0,0,0,0,0,0,0,0,0,0,0,0,1,3,1,0,0,0,0,0,0,0,0,0,20,-1,-1,2110,2010,-1,-1,-1,-1,401000,310,314,-1,-1,-1,-1,-1,-1,-1,-1,-1,-1,-1,-1,-1,-1,-1,-1,-1,-1,-1,-1,-1,0,0,0,0,0,0,0,0,0,0,0,0,0,0,0,0,0,0,0,0,0,0,0,0,0,0,0,0,0,0,0,0,0,0,0,0,0,0,0,0,0,0,0,0,0,0,0,0,0,0,0,0,0,0,0,0,0,0,0,0,0,139,139,0,0,0,1,0,0,0,0,100,100,100,100,0,0,100,-1,0,100,100,0,1,1,-1,0,0,0,0,[0|0|0],-1,0,0,[0|0|0|0|0|0|0|0|0|0]
5020130,[DLC - Putrescent Knight] Attack,0.7,0.7,0.7,1,2,0,24003,-1,-1,-1,-1,15,16,17,18,16,17,18,19,0,0,0,0,0,0,0,0,0,0,0,280,0,0,0,150,100,0,0,0,0,100,0,0,0,0,0,0,0,0,0,0,0,3,0,0,0,0,0,0,0,0,0,0,0,0,0,0,0,0,0,0,1,3,1,0,0,0,0,0,0,0,0,0,40,-1,-1,2120,2020,-1,-1,-1,-1,401000,310,314,-1,-1,-1,-1,-1,-1,-1,-1,-1,-1,-1,-1,-1,-1,-1,-1,-1,-1,-1,-1,-1,0,0,0,0,0,0,0,0,0,0,0,0,0,0,0,0,0,0,0,0,0,0,0,0,0,0,0,0,0,0,0,0,0,0,0,0,0,0,0,0,0,0,0,0,0,0,0,0,0,0,0,0,0,0,0,0,0,0,0,0,0,139,139,0,0,0,1,0,0,0,0,100,100,100,100,0,0,100,-1,0,100,100,0,1,1,-1,0,0,0,0,[0|0|0],-1,0,0,[0|0|0|0|0|0|0|0|0|0]
5020140,[DLC - Putrescent Knight] Attack,0.8,0.8,0.8,0.8,2,0,24003,-1,-1,-1,-1,15,16,17,18,16,17,18,19,0,0,0,0,0,0,0,0,0,0,0,230,0,0,0,110,100,0,0,0,0,100,0,0,0,0,0,0,0,0,0,0,0,3,0,0,0,0,0,0,0,0,0,0,0,0,0,0,0,0,0,0,1,4,1,0,0,0,0,0,0,0,0,0,20,-1,-1,2120,2020,-1,-1,-1,-1,401000,310,314,-1,-1,-1,-1,-1,-1,-1,-1,-1,-1,-1,-1,-1,-1,-1,-1,-1,-1,-1,-1,-1,0,0,0,0,0,0,0,0,0,0,0,0,0,0,0,0,0,0,0,0,0,0,0,0,0,0,0,0,0,0,0,0,0,0,0,0,0,0,0,0,0,0,0,0,0,0,0,0,0,0,0,0,0,0,0,0,0,0,0,0,0,139,139,0,0,0,1,0,0,0,0,100,100,100,100,0,0,100,-1,0,100,100,0,1,1,-1,0,0,0,0,[0|0|0],-1,0,0,[0|0|0|0|0|0|0|0|0|0]
5020142,[DLC - Putrescent Knight] Bullet,0,0,0,0,2.5,0,-1,-1,-1,-1,-1,0,0,0,0,0,0,0,0,0,0,0,0,0,0,0,0,0,0,0,140,0,0,0,80,100,0,0,0,0,100,0,0,0,0,0,0,0,0,0,0,0,1,0,0,0,0,3,6,0,0,0,0,0,0,0,0,0,0,0,0,1,0,1,0,0,0,0,0,0,0,0,0,10,-1,-1,2100,2000,-1,-1,-1,-1,-1,-1,-1,-1,-1,-1,-1,-1,-1,-1,-1,-1,-1,-1,-1,-1,-1,-1,-1,-1,-1,-1,-1,-1,0,0,0,0,0,0,0,0,0,0,0,0,0,0,0,0,0,0,0,0,0,0,0,0,0,0,0,0,0,0,0,0,0,0,0,0,0,0,0,0,0,0,0,0,0,0,0,0,0,0,0,0,0,0,0,0,0,0,0,0,0,139,139,0,0,0,1,0,0,0,0,100,100,100,100,0,0,100,-1,-1,-1,100,0,1,1,-1,0,0,0,0,[0|0|0],-1,0,0,[0|0|0|0|0|0|0|0|0|0]
5020150,[DLC - Putrescent Knight] Attack,1,0.7,0.7,0.7,2.5,0,24003,-1,-1,-1,-1,10,11,12,13,11,12,13,14,0,0,0,0,0,0,0,0,0,0,0,280,0,0,0,140,100,0,0,0,0,100,0,0,0,0,0,0,0,0,0,0,0,3,0,0,0,0,0,0,0,0,0,0,0,0,0,0,0,0,0,0,1,1,1,0,0,0,0,0,0,0,0,0,40,-1,-1,2120,2020,-1,-1,-1,-1,401000,300,304,-1,-1,-1,-1,-1,-1,-1,-1,-1,-1,-1,-1,-1,-1,-1,-1,-1,-1,-1,-1,-1,0,0,0,0,0,0,0,0,0,0,0,0,0,0,0,0,0,0,0,0,0,0,0,0,0,0,0,0,0,0,0,0,0,0,0,0,0,0,0,0,0,0,0,0,0,0,0,0,0,0,0,0,0,0,0,0,0,0,0,0,0,139,139,0,0,0,1,0,0,0,0,100,100,100,100,0,0,100,-1,0,100,100,0,1,1,-1,0,0,0,0,[0|0|0],-1,0,0,[0|0|0|0|0|0|0|0|0|0]
5020151,,0.45,0.45,0,0,1.5,0,-1,-1,-1,-1,-1,10,12,0,0,11,13,0,0,0,0,0,0,0,0,0,0,0,0,0,140,0,0,0,80,100,0,0,0,0,100,0,0,0,0,0,0,0,0,0,0,0,1,0,0,0,0,3,6,0,0,0,0,0,0,0,0,0,0,0,0,1,0,1,0,0,0,0,0,0,0,0,0,10,-1,-1,2100,2000,-1,-1,-1,-1,401000,300,304,-1,-1,-1,-1,-1,-1,-1,-1,-1,-1,-1,-1,-1,-1,-1,-1,-1,-1,-1,-1,-1,0,0,0,0,0,0,0,0,0,0,0,0,0,0,0,0,0,0,0,0,0,0,0,0,0,0,0,0,0,0,0,0,0,0,0,0,0,0,0,0,0,0,0,0,0,0,0,0,0,0,0,0,0,0,0,0,0,0,0,0,0,139,139,0,0,0,1,0,0,0,0,100,100,100,100,0,0,100,-1,-1,-1,100,0,1,1,-1,0,0,0,0,[0|0|0],-1,0,0,[0|0|0|0|0|0|0|0|0|0]
5020170,[DLC - Putrescent Knight] Attack,0.8,0.8,0.8,0.8,3,0,24003,-1,-1,-1,-1,10,11,12,13,11,12,13,14,0,0,0,0,0,0,0,0,0,0,0,330,0,0,0,180,100,0,0,0,0,100,0,0,0,0,0,0,0,0,0,0,0,6,0,0,0,0,0,0,0,0,0,0,0,0,0,0,0,0,0,0,1,1,1,0,0,0,0,0,0,0,0,0,60,-1,-1,2120,2020,-1,-1,-1,-1,401000,300,304,-1,-1,-1,-1,-1,-1,-1,-1,-1,-1,-1,-1,-1,-1,-1,-1,-1,-1,-1,-1,-1,0,0,0,0,0,0,0,0,0,0,0,0,0,0,0,0,0,0,0,0,0,0,0,0,0,0,0,0,0,0,0,0,0,0,0,0,0,0,0,0,0,0,0,0,0,0,0,0,0,0,0,0,0,0,0,0,0,0,0,0,0,139,139,0,0,0,1,0,0,0,0,100,100,100,100,0,0,100,-1,0,100,100,0,1,1,-1,0,0,0,0,[0|0|0],-1,0,0,[0|0|0|0|0|0|0|0|0|0]
5020171,[DLC - Putrescent Knight] Bullet,0.45,0.45,0,0,2.5,0,-1,-1,-1,-1,-1,10,12,0,0,11,13,0,0,0,0,0,0,0,0,0,0,0,0,0,150,0,0,0,80,100,0,0,0,0,100,0,0,0,0,0,0,0,0,0,0,0,1,0,0,0,0,3,6,0,0,0,0,0,0,0,0,0,0,0,0,1,0,1,0,0,0,0,0,0,0,0,0,10,-1,-1,2100,2000,-1,-1,-1,-1,-1,-1,-1,-1,-1,-1,-1,-1,-1,-1,-1,-1,-1,-1,-1,-1,-1,-1,-1,-1,-1,-1,-1,-1,0,0,0,0,0,0,0,0,0,0,0,0,0,0,0,0,0,0,0,0,0,0,0,0,0,0,0,0,0,0,0,0,0,0,0,0,0,0,0,0,0,0,0,0,0,0,0,0,0,0,0,0,0,0,0,0,0,0,0,0,0,139,139,0,0,0,1,0,0,0,0,100,100,100,100,0,0,100,-1,-1,-1,100,0,1,1,-1,0,0,0,0,[0|0|0],-1,0,0,[0|0|0|0|0|0|0|0|0|0]
5020180,[DLC - Putrescent Knight] Attack,0.7,0.7,0.7,1,2.5,0,24003,-1,-1,-1,-1,15,16,17,18,16,17,18,19,0,0,0,0,0,0,0,0,0,0,0,250,0,0,0,90,100,0,0,0,0,100,0,0,0,0,0,0,0,0,0,0,0,2,0,0,0,0,0,0,0,0,0,0,0,0,0,0,0,0,0,0,1,4,1,0,0,0,0,0,0,0,0,0,20,-1,-1,2110,2010,-1,-1,-1,-1,401000,310,314,-1,-1,-1,-1,-1,-1,-1,-1,-1,-1,-1,-1,-1,-1,-1,-1,-1,-1,-1,-1,-1,0,0,0,0,0,0,0,0,0,0,0,0,0,0,0,0,0,0,0,0,0,0,0,0,0,0,0,0,0,0,0,0,0,0,0,0,0,0,0,0,0,0,0,0,0,0,0,0,0,0,0,0,0,0,0,0,0,0,0,0,0,139,139,0,0,0,1,0,0,0,0,100,100,100,100,0,0,100,-1,0,100,100,0,1,1,-1,0,0,0,0,[0|0|0],-1,0,0,[0|0|0|0|0|0|0|0|0|0]
5020190,[DLC - Putrescent Knight] Attack,0.7,0.7,0.7,0.7,1.5,0,24003,-1,-1,-1,-1,15,16,17,18,16,17,18,19,0,0,0,0,0,0,0,0,0,0,0,280,0,0,0,120,100,0,0,0,0,100,0,0,0,0,0,0,0,0,0,0,0,2,0,0,0,0,0,0,0,0,0,0,0,0,0,0,0,0,0,0,1,4,1,0,0,0,0,0,0,0,0,0,20,-1,-1,2110,2010,-1,-1,-1,-1,401000,310,314,-1,-1,-1,-1,-1,-1,-1,-1,-1,-1,-1,-1,-1,-1,-1,-1,-1,-1,-1,-1,-1,0,0,0,0,0,0,0,0,0,0,0,0,0,0,0,0,0,0,0,0,0,0,0,0,0,0,0,0,0,0,0,0,0,0,0,0,0,0,0,0,0,0,0,0,0,0,0,0,0,0,0,0,0,0,0,0,0,0,0,0,0,139,139,0,0,0,1,0,0,0,0,100,100,100,100,0,0,100,-1,0,100,100,0,1,1,-1,0,0,0,0,[0|0|0],-1,0,0,[0|0|0|0|0|0|0|0|0|0]
5020200,[DLC - Putrescent Knight] Attack,0.7,0.7,0.7,0.7,1,0,24003,-1,-1,-1,-1,15,16,17,18,16,17,18,19,0,0,0,0,0,0,0,0,0,0,0,240,0,0,0,110,100,0,0,0,0,100,0,0,0,0,0,0,0,0,0,0,0,2,0,0,0,0,0,0,0,0,0,0,0,0,0,0,0,0,0,0,1,0,1,0,0,0,0,0,0,0,0,0,20,-1,-1,2110,2010,-1,-1,-1,-1,-1,-1,-1,-1,-1,-1,-1,-1,-1,-1,-1,-1,-1,-1,-1,-1,-1,-1,-1,-1,-1,-1,-1,-1,0,0,0,0,0,0,0,0,0,0,0,0,0,0,0,0,0,0,0,0,0,0,0,0,0,0,0,0,0,0,0,0,0,0,0,0,0,0,0,0,0,0,0,0,0,0,0,0,0,0,0,0,0,0,0,0,0,0,0,0,0,139,139,0,0,0,1,0,0,0,0,100,100,100,100,0,0,100,-1,0,100,100,0,1,1,-1,0,0,0,0,[0|0|0],-1,0,0,[0|0|0|0|0|0|0|0|0|0]
5020210,[DLC - Putrescent Knight] Attack,0.7,0.7,0.7,0.7,1,0,24003,-1,-1,-1,-1,15,16,17,18,16,17,18,19,0,0,0,0,0,0,0,0,0,0,0,240,0,0,0,90,100,0,0,0,0,100,0,0,0,0,0,0,0,0,0,0,0,2,0,0,0,0,0,0,0,0,0,0,0,0,0,0,0,0,0,0,1,0,1,0,0,0,0,0,0,0,0,0,20,-1,-1,2110,2010,-1,-1,-1,-1,-1,-1,-1,-1,-1,-1,-1,-1,-1,-1,-1,-1,-1,-1,-1,-1,-1,-1,-1,-1,-1,-1,-1,-1,0,0,0,0,0,0,0,0,0,0,0,0,0,0,0,0,0,0,0,0,0,0,0,0,0,0,0,0,0,0,0,0,0,0,0,0,0,0,0,0,0,0,0,0,0,0,0,0,0,0,0,0,0,0,0,0,0,0,0,0,0,139,139,0,0,0,1,0,0,0,0,100,100,100,100,0,0,100,-1,0,100,100,0,1,1,-1,0,0,0,0,[0|0|0],-1,0,0,[0|0|0|0|0|0|0|0|0|0]
5020220,[DLC - Putrescent Knight] Attack,0.7,0.7,0.7,0.7,1,0,24003,-1,-1,-1,-1,15,16,17,18,16,17,18,19,0,0,0,0,0,0,0,0,0,0,0,240,0,0,0,110,100,0,0,0,0,100,0,0,0,0,0,0,0,0,0,0,0,2,0,0,0,0,0,0,0,0,0,0,0,0,0,0,0,0,0,0,1,0,1,0,0,0,0,0,0,0,0,0,20,-1,-1,2110,2010,-1,-1,-1,-1,-1,-1,-1,-1,-1,-1,-1,-1,-1,-1,-1,-1,-1,-1,-1,-1,-1,-1,-1,-1,-1,-1,-1,-1,0,0,0,0,0,0,0,0,0,0,0,0,0,0,0,0,0,0,0,0,0,0,0,0,0,0,0,0,0,0,0,0,0,0,0,0,0,0,0,0,0,0,0,0,0,0,0,0,0,0,0,0,0,0,0,0,0,0,0,0,0,139,139,0,0,0,1,0,0,0,0,100,100,100,100,0,0,100,-1,0,100,100,0,1,1,-1,0,0,0,0,[0|0|0],-1,0,0,[0|0|0|0|0|0|0|0|0|0]
5020230,[DLC - Putrescent Knight] Attack,0,0,0,0,2.5,0,-1,-1,-1,-1,-1,0,0,0,0,0,0,0,0,0,0,0,0,0,0,0,0,0,0,0,210,0,0,0,80,100,0,0,0,0,100,0,0,0,0,0,0,0,0,0,0,0,5,0,0,0,0,1,1,0,0,0,0,0,0,0,0,0,0,0,0,1,1,1,0,0,0,0,0,0,0,0,0,20,-1,-1,2100,2000,-1,-1,-1,-1,-1,-1,-1,-1,-1,-1,-1,-1,-1,-1,-1,-1,-1,-1,-1,-1,-1,-1,-1,-1,-1,-1,-1,-1,0,0,0,0,0,0,0,0,0,0,0,0,0,0,0,0,0,0,0,0,0,0,0,0,0,0,0,0,0,0,0,0,0,0,0,0,0,0,0,0,0,0,0,0,0,0,0,0,0,0,0,0,0,0,0,0,0,0,0,0,0,139,139,0,0,0,1,0,0,0,0,100,100,100,100,0,0,100,-1,0,100,100,0,1,1,-1,0,0,0,0,[0|0|0],-1,0,0,[0|0|0|0|0|0|0|0|0|0]
5020235,[DLC - Putrescent Knight] Bullet,0,0,0,0,2.5,0,-1,-1,-1,-1,-1,0,0,0,0,0,0,0,0,0,0,0,0,0,0,0,0,0,0,0,160,0,0,0,80,100,0,0,0,0,100,0,0,0,0,0,0,0,0,0,0,0,5,0,0,0,0,1,1,0,0,0,0,0,0,0,0,0,0,0,0,1,0,1,0,0,0,0,0,0,0,0,0,10,-1,-1,2100,2000,-1,-1,-1,-1,-1,-1,-1,-1,-1,-1,-1,-1,-1,-1,-1,-1,-1,-1,-1,-1,-1,-1,-1,-1,-1,-1,-1,-1,0,0,0,0,0,0,0,0,0,0,0,0,0,0,0,0,0,0,0,0,0,0,0,0,0,0,0,0,0,0,0,0,0,0,0,0,0,0,0,0,0,0,0,0,0,0,0,0,0,0,0,0,0,0,0,0,0,0,0,0,0,139,139,0,0,0,1,0,0,0,0,100,100,100,100,0,0,100,-1,0,100,100,0,1,1,-1,0,0,0,0,[0|0|0],-1,0,0,[0|0|0|0|0|0|0|0|0|0]
5020240,[DLC - Putrescent Knight] Attack,0.8,0.8,0.8,0.8,1.5,0,24003,-1,-1,-1,-1,15,16,17,18,16,17,18,19,0,0,0,0,0,0,0,0,0,0,0,230,0,0,0,110,100,0,0,0,0,100,0,0,0,0,0,0,0,0,0,0,0,2,0,0,0,0,0,0,0,0,0,0,0,0,0,0,0,0,0,0,1,0,1,0,0,0,0,0,0,0,0,0,20,-1,-1,2110,2010,-1,-1,-1,-1,-1,-1,-1,-1,-1,-1,-1,-1,-1,-1,-1,-1,-1,-1,-1,-1,-1,-1,-1,-1,-1,-1,-1,-1,0,0,0,0,0,0,0,0,0,0,0,0,0,0,0,0,0,0,0,0,0,0,0,0,0,0,0,0,0,0,0,0,0,0,0,0,0,0,0,0,0,0,0,0,0,0,0,0,0,0,0,0,0,0,0,0,0,0,0,0,0,139,139,0,0,0,1,0,0,0,0,100,100,100,100,0,0,100,-1,0,100,100,0,1,1,-1,0,0,0,0,[0|0|0],-1,0,0,[0|0|0|0|0|0|0|0|0|0]
5020250,[DLC - Putrescent Knight] Bullet,0.45,0.45,0,0,0,0,-1,-1,-1,-1,-1,10,12,0,0,11,13,0,0,0,0,0,0,0,0,0,0,0,0,0,120,0,0,0,210,100,0,0,0,0,100,0,0,0,0,0,0,0,0,0,0,0,7,0,0,0,0,3,6,0,0,0,0,0,0,0,0,0,0,0,0,1,0,1,0,0,0,0,0,0,0,0,0,20,-1,-1,2130,2030,-1,-1,-1,-1,-1,-1,-1,-1,-1,-1,-1,-1,-1,-1,-1,-1,-1,-1,-1,-1,-1,-1,-1,-1,-1,-1,-1,-1,0,0,0,0,0,0,0,0,0,0,0,0,0,0,0,0,0,0,0,0,0,0,0,0,0,0,0,0,0,0,0,0,0,0,0,0,0,0,0,0,0,0,0,0,0,0,0,0,0,0,0,0,0,0,0,0,0,0,0,0,0,139,139,0,0,0,1,0,0,0,0,100,100,100,100,0,0,100,-1,-1,-1,100,0,1,1,-1,0,0,0,0,[0|0|0],-1,0,0,[0|0|0|0|0|0|0|0|0|0]
5020260,[DLC - Putrescent Knight] Attack,1,0.7,0.7,0.7,2,0,24003,-1,-1,-1,-1,10,11,12,13,11,12,13,14,0,0,0,0,0,0,0,0,0,0,0,210,0,0,0,110,100,0,0,0,0,100,0,0,0,0,0,0,0,0,0,0,0,3,0,0,0,0,0,0,0,0,0,0,0,0,0,0,0,0,0,0,1,2,1,0,0,0,0,0,0,0,0,0,20,-1,-1,2100,2000,-1,-1,-1,-1,401000,300,304,-1,-1,-1,-1,-1,-1,-1,-1,-1,-1,-1,-1,-1,-1,-1,-1,-1,-1,-1,-1,-1,0,0,0,0,0,0,0,0,0,0,0,0,0,0,0,0,0,0,0,0,0,0,0,0,0,0,0,0,0,0,0,0,0,0,0,0,0,0,0,0,0,0,0,0,0,0,0,0,0,0,0,0,0,0,0,0,0,0,0,0,0,139,139,0,0,0,1,0,0,0,0,100,100,100,100,0,0,100,-1,0,100,100,0,1,1,-1,0,0,0,0,[0|0|0],-1,0,0,[0|0|0|0|0|0|0|0|0|0]
5020262,[DLC - Putrescent Knight] Bullet,0,0,0,0,1.5,0,-1,-1,-1,-1,-1,0,0,0,0,0,0,0,0,0,0,0,0,0,0,0,0,0,0,0,190,0,0,0,80,100,0,0,0,0,100,0,0,0,0,0,0,0,0,0,0,0,1,0,0,0,0,3,6,0,0,0,0,0,0,0,0,0,0,0,0,1,0,1,0,0,0,0,0,0,0,0,0,10,-1,-1,2100,2000,-1,-1,-1,-1,-1,-1,-1,-1,-1,-1,-1,-1,-1,-1,-1,-1,-1,-1,-1,-1,-1,-1,-1,-1,-1,-1,-1,-1,0,0,0,0,0,0,0,0,0,0,0,0,0,0,0,0,0,0,0,0,0,0,0,0,0,0,0,0,0,0,0,0,0,0,0,0,0,0,0,0,0,0,0,0,0,0,0,0,0,0,0,0,0,0,0,0,0,0,0,0,0,139,139,0,0,0,1,0,0,0,0,100,100,100,100,0,0,100,-1,-1,-1,100,0,1,1,-1,0,0,0,0,[0|0|0],-1,0,0,[0|0|0|0|0|0|0|0|0|0]
5020400,[DLC - Putrescent Knight] Attack,0.8,0.8,0.8,0.8,2,0,-1,-1,-1,-1,-1,10,11,12,13,11,12,13,14,0,0,0,0,0,0,0,0,0,0,0,230,0,0,0,60,100,0,0,0,0,100,0,0,0,0,0,0,0,0,0,0,0,2,0,0,3,0,0,0,0,0,0,0,0,0,0,0,0,0,0,0,1,3,1,0,0,0,0,0,0,0,0,0,20,-1,-1,2110,2010,-1,-1,-1,-1,401000,300,-1,-1,-1,-1,-1,-1,-1,-1,-1,-1,-1,-1,-1,-1,-1,-1,-1,-1,-1,-1,-1,-1,0,0,0,0,0,0,0,0,0,0,0,0,0,0,0,0,0,0,0,0,0,0,0,0,0,0,0,0,0,0,0,0,0,0,0,0,0,0,0,0,0,0,0,0,0,0,0,0,0,0,0,0,0,0,0,0,0,0,0,0,0,139,139,0,0,0,1,0,0,0,0,100,100,100,100,0,0,100,-1,0,100,100,0,1,1,-1,0,0,0,0,[0|0|0],-1,0,0,[0|0|0|0|0|0|0|0|0|0]
5020401,[DLC - Putrescent Knight] Attack,0.8,0.8,0.8,0.8,2,0,-1,-1,-1,-1,-1,10,11,12,13,11,12,13,14,0,0,0,0,0,0,0,0,0,0,0,300,0,0,0,60,100,0,0,0,0,100,0,0,0,0,0,0,0,0,0,0,0,2,0,0,0,0,0,0,0,0,0,0,0,0,0,0,0,0,0,0,1,1,1,0,0,0,0,0,0,0,0,0,20,-1,-1,2110,2010,-1,-1,-1,-1,401000,300,-1,-1,-1,-1,-1,-1,-1,-1,-1,-1,-1,-1,-1,-1,-1,-1,-1,-1,-1,-1,-1,-1,0,0,0,0,0,0,0,0,0,0,0,0,0,0,0,0,0,0,0,0,0,0,0,0,0,0,0,0,0,0,0,0,0,0,0,0,0,0,0,0,0,0,0,0,0,0,0,0,0,0,0,0,0,0,0,0,0,0,0,0,0,139,139,0,0,0,1,0,0,0,0,100,100,100,100,0,0,100,-1,0,100,100,0,1,1,-1,0,0,0,0,[0|0|0],-1,0,0,[0|0|0|0|0|0|0|0|0|0]
5020410,[DLC - Putrescent Knight] Attack,0.8,0.8,0.8,0.8,2,0,24003,-1,-1,-1,-1,10,11,12,13,11,12,13,14,0,0,0,0,0,0,0,0,0,0,0,320,0,0,0,170,100,0,0,0,0,100,0,0,0,0,0,0,0,0,0,0,0,3,0,0,0,0,0,0,0,0,0,0,0,0,0,0,0,0,0,0,1,1,1,0,0,0,0,0,0,0,0,0,40,-1,-1,2120,2020,-1,-1,-1,-1,401000,300,304,-1,-1,-1,-1,-1,-1,-1,-1,-1,-1,-1,-1,-1,-1,-1,-1,-1,-1,-1,-1,-1,0,0,0,0,0,0,0,0,0,0,0,0,0,0,0,0,0,0,0,0,0,0,0,0,0,0,0,0,0,0,0,0,0,0,0,0,0,0,0,0,0,0,0,0,0,0,0,0,0,0,0,0,0,0,0,0,0,0,0,0,0,139,139,0,0,0,1,0,0,0,0,100,100,100,100,0,0,100,-1,0,100,100,0,1,1,-1,0,0,0,0,[0|0|0],-1,0,0,[0|0|0|0|0|0|0|0|0|0]
5020420,[DLC - Putrescent Knight] Attack,0.8,0.8,0.8,0.8,1.5,0,24003,-1,-1,-1,-1,10,11,12,13,11,12,13,14,0,0,0,0,0,0,0,0,0,0,0,280,0,0,0,130,100,0,0,0,0,100,0,0,0,0,0,0,0,0,0,0,0,2,0,0,0,0,0,0,0,0,0,0,0,0,0,0,0,0,0,0,1,1,1,0,0,0,0,0,0,0,0,0,20,-1,-1,2110,2010,-1,-1,-1,-1,401000,300,304,-1,-1,-1,-1,-1,-1,-1,-1,-1,-1,-1,-1,-1,-1,-1,-1,-1,-1,-1,-1,-1,0,0,0,0,0,0,0,0,0,0,0,0,0,0,0,0,0,0,0,0,0,0,0,0,0,0,0,0,0,0,0,0,0,0,0,0,0,0,0,0,0,0,0,0,0,0,0,0,0,0,0,0,0,0,0,0,0,0,0,0,0,139,139,0,0,0,1,0,0,0,0,100,100,100,100,0,0,100,-1,0,100,100,0,1,1,-1,0,0,0,0,[0|0|0],-1,0,0,[0|0|0|0|0|0|0|0|0|0]
5020430,[DLC - Putrescent Knight] Attack,0.8,0.8,0.8,0.8,1.5,0,24003,-1,-1,-1,-1,10,11,12,13,11,12,13,14,0,0,0,0,0,0,0,0,0,0,0,260,0,0,0,120,100,0,0,0,0,100,0,0,0,0,0,0,0,0,0,0,0,2,0,0,0,0,0,0,0,0,0,0,0,0,0,0,0,0,0,0,1,3,1,0,0,0,0,0,0,0,0,0,20,-1,-1,2110,2010,-1,-1,-1,-1,401000,300,304,-1,-1,-1,-1,-1,-1,-1,-1,-1,-1,-1,-1,-1,-1,-1,-1,-1,-1,-1,-1,-1,0,0,0,0,0,0,0,0,0,0,0,0,0,0,0,0,0,0,0,0,0,0,0,0,0,0,0,0,0,0,0,0,0,0,0,0,0,0,0,0,0,0,0,0,0,0,0,0,0,0,0,0,0,0,0,0,0,0,0,0,0,139,139,0,0,0,1,0,0,0,0,100,100,100,100,0,0,100,-1,0,100,100,0,1,1,-1,0,0,0,0,[0|0|0],-1,0,0,[0|0|0|0|0|0|0|0|0|0]
5020431,[DLC - Putrescent Knight] Attack,0.8,0.8,0.8,0.8,1.5,0,24003,-1,-1,-1,-1,10,11,12,13,11,12,13,14,0,0,0,0,0,0,0,0,0,0,0,260,0,0,0,120,100,0,0,0,0,100,0,0,0,0,0,0,0,0,0,0,0,2,0,0,0,0,0,0,0,0,0,0,0,0,0,0,0,0,0,0,1,3,1,0,0,0,0,0,0,0,0,0,20,-1,-1,2110,2010,-1,-1,-1,-1,401000,300,304,-1,-1,-1,-1,-1,-1,-1,-1,-1,-1,-1,-1,-1,-1,-1,-1,-1,-1,-1,-1,-1,0,0,0,0,0,0,0,0,0,0,0,0,0,0,0,0,0,0,0,0,0,0,0,0,0,0,0,0,0,0,0,0,0,0,0,0,0,0,0,0,0,0,0,0,0,0,0,0,0,0,0,0,0,0,0,0,0,0,0,0,0,139,139,0,0,0,1,0,0,0,0,100,100,100,100,0,0,100,-1,0,100,100,0,1,1,-1,0,0,0,0,[0|0|0],-1,0,0,[0|0|0|0|0|0|0|0|0|0]
5020433,[DLC - Putrescent Knight] Attack,0.8,0.8,0.8,0.8,1.5,0,24003,-1,-1,-1,-1,10,11,12,13,11,12,13,14,0,0,0,0,0,0,0,0,0,0,0,230,0,0,0,90,100,0,0,0,0,100,0,0,0,0,0,0,0,0,0,0,0,3,0,0,0,0,0,0,0,0,0,0,0,0,0,0,0,0,0,0,1,3,1,0,0,0,0,0,0,0,0,0,20,-1,-1,2120,2020,-1,-1,-1,-1,401000,300,-1,-1,-1,-1,-1,-1,-1,-1,-1,-1,-1,-1,-1,-1,-1,-1,-1,-1,-1,-1,-1,-1,0,0,0,0,0,0,0,0,0,0,0,0,0,0,0,0,0,0,0,0,0,0,0,0,0,0,0,0,0,0,0,0,0,0,0,0,0,0,0,0,0,0,0,0,0,0,0,0,0,0,0,0,0,0,0,0,0,0,0,0,0,139,139,0,0,0,1,0,0,0,0,100,100,100,100,0,0,100,-1,0,100,100,0,1,1,-1,0,0,0,0,[0|0|0],-1,0,0,[0|0|0|0|0|0|0|0|0|0]
5020440,[DLC - Putrescent Knight] Attack,0.8,0.8,0.8,0.8,1.5,0,24003,-1,-1,-1,-1,10,11,12,13,11,12,13,14,0,0,0,0,0,0,0,0,0,0,0,270,0,0,0,120,100,0,0,0,0,100,0,0,0,0,0,0,0,0,0,0,0,2,0,0,0,0,0,0,0,0,0,0,0,0,0,0,0,0,0,0,1,3,1,0,0,0,0,0,0,0,0,0,40,-1,-1,2110,2010,-1,-1,-1,-1,401000,300,304,-1,-1,-1,-1,-1,-1,-1,-1,-1,-1,-1,-1,-1,-1,-1,-1,-1,-1,-1,-1,-1,0,0,0,0,0,0,0,0,0,0,0,0,0,0,0,0,0,0,0,0,0,0,0,0,0,0,0,0,0,0,0,0,0,0,0,0,0,0,0,0,0,0,0,0,0,0,0,0,0,0,0,0,0,0,0,0,0,0,0,0,0,139,139,0,0,0,1,0,0,0,0,100,100,100,100,0,0,100,-1,0,100,100,0,1,1,-1,0,0,0,0,[0|0|0],-1,0,0,[0|0|0|0|0|0|0|0|0|0]
5020441,[DLC - Putrescent Knight] Attack,0.8,0.8,0.8,0.8,1.5,0,24003,-1,-1,-1,-1,10,11,12,13,11,12,13,14,0,0,0,0,0,0,0,0,0,0,0,270,0,0,0,120,100,0,0,0,0,100,0,0,0,0,0,0,0,0,0,0,0,2,0,0,0,0,0,0,0,0,0,0,0,0,0,0,0,0,0,0,1,4,1,0,0,0,0,0,0,0,0,0,40,-1,-1,2110,2010,-1,-1,-1,-1,401000,300,304,-1,-1,-1,-1,-1,-1,-1,-1,-1,-1,-1,-1,-1,-1,-1,-1,-1,-1,-1,-1,-1,0,0,0,0,0,0,0,0,0,0,0,0,0,0,0,0,0,0,0,0,0,0,0,0,0,0,0,0,0,0,0,0,0,0,0,0,0,0,0,0,0,0,0,0,0,0,0,0,0,0,0,0,0,0,0,0,0,0,0,0,0,139,139,0,0,0,1,0,0,0,0,100,100,100,100,0,0,100,-1,0,100,100,0,1,1,-1,0,0,0,0,[0|0|0],-1,0,0,[0|0|0|0|0|0|0|0|0|0]
5020600,[DLC - Putrescent Knight] Bullet,0,0,0,0,1,0,-1,-1,-1,-1,-1,0,0,0,0,0,0,0,0,0,0,0,0,0,0,0,0,0,0,0,0,280,0,0,130,100,0,0,0,0,100,0,0,0,0,0,0,0,0,0,0,0,3,0,0,3,10,3,6,0,0,0,0,0,0,0,0,0,0,0,0,1,0,1,1,0,0,0,0,0,0,0,0,30,-1,-1,0,0,-1,-1,-1,-1,-1,-1,-1,-1,-1,-1,-1,-1,-1,-1,-1,-1,-1,-1,-1,-1,-1,-1,-1,-1,-1,-1,-1,-1,0,0,0,0,0,0,0,0,0,0,0,0,0,0,0,0,0,0,0,0,0,0,0,0,0,0,0,0,0,0,0,0,0,0,0,0,0,0,0,0,0,0,0,0,0,0,0,0,0,0,0,0,0,0,0,0,0,0,0,0,0,139,139,0,0,0,0,0,1,0,0,100,100,100,100,0,0,100,-1,-1,-1,100,0,1,1,-1,1,0,0,0,[0|0|0],-1,0,0,[0|0|0|0|0|0|0|0|0|0]
5020610,[DLC - Putrescent Knight] Bullet,0,0,0,0,1,0,-1,-1,-1,-1,-1,0,0,0,0,0,0,0,0,0,0,0,0,0,0,0,0,0,0,0,0,220,0,0,110,100,0,0,0,0,100,0,0,0,0,0,0,0,0,0,0,0,3,0,0,3,10,3,6,0,0,0,0,0,0,0,0,0,0,0,0,1,0,1,1,0,0,0,0,0,0,0,0,30,-1,-1,0,0,-1,-1,-1,-1,-1,-1,-1,-1,-1,-1,-1,-1,-1,-1,-1,-1,-1,-1,-1,-1,-1,-1,-1,-1,-1,-1,-1,-1,0,0,0,0,0,0,0,0,0,0,0,0,0,0,0,0,0,0,0,0,0,0,0,0,0,0,0,0,0,0,0,0,0,0,0,0,0,0,0,0,0,0,0,0,0,0,0,0,0,0,0,0,0,0,0,0,0,0,0,0,0,139,139,0,0,0,0,0,1,0,0,100,100,100,100,0,0,100,-1,-1,-1,100,0,1,1,-1,1,0,0,0,[0|0|0],-1,0,0,[0|0|0|0|0|0|0|0|0|0]
5020620,[DLC - Putrescent Knight] Bullet,0,0,0,0,1,0,-1,-1,-1,-1,-1,0,0,0,0,0,0,0,0,0,0,0,0,0,0,0,0,0,0,0,0,270,0,0,130,100,0,0,0,0,100,0,0,0,0,0,0,0,0,0,0,0,3,0,0,3,10,3,6,0,0,0,0,0,0,0,0,0,0,0,0,1,0,1,1,0,0,0,0,0,0,0,0,30,-1,-1,0,0,-1,-1,-1,-1,-1,-1,-1,-1,-1,-1,-1,-1,-1,-1,-1,-1,-1,-1,-1,-1,-1,-1,-1,-1,-1,-1,-1,-1,0,0,0,0,0,0,0,0,0,0,0,0,0,0,0,0,0,0,0,0,0,0,0,0,0,0,0,0,0,0,0,0,0,0,0,0,0,0,0,0,0,0,0,0,0,0,0,0,0,0,0,0,0,0,0,0,0,0,0,0,0,139,139,0,0,0,0,0,1,0,0,100,100,100,100,0,0,100,-1,-1,-1,100,0,1,1,-1,1,0,0,0,[0|0|0],-1,0,0,[0|0|0|0|0|0|0|0|0|0]
5020621,[DLC - Putrescent Knight] Bullet,0,0,0,0,1,0,-1,-1,-1,-1,-1,0,0,0,0,0,0,0,0,0,0,0,0,0,0,0,0,0,0,0,0,110,0,0,60,100,0,0,0,0,100,0,0,0,0,0,0,0,0,0,0,0,0,0,0,3,10,3,6,0,0,0,0,0,0,0,0,0,0,0,0,1,0,1,1,0,0,0,0,0,0,0,0,30,-1,-1,0,0,-1,-1,-1,-1,-1,-1,-1,-1,-1,-1,-1,-1,-1,-1,-1,-1,-1,-1,-1,-1,-1,-1,-1,-1,-1,-1,-1,-1,0,0,0,0,0,0,0,0,0,0,0,0,0,0,0,0,0,0,0,0,0,0,0,0,0,0,0,0,0,0,0,0,0,0,0,0,0,0,0,0,0,0,0,0,0,0,0,0,0,0,0,0,0,0,0,0,0,0,0,0,0,139,139,0,0,0,0,0,1,0,0,100,100,100,100,0,0,100,-1,-1,-1,100,0,1,1,-1,1,0,0,0,[0|0|0],-1,0,0,[0|0|0|0|0|0|0|0|0|0]
5020640,[DLC - Putrescent Knight] Attack,0.8,0.8,0.8,0.8,2.5,0,24003,-1,-1,-1,-1,10,11,12,13,11,12,13,14,0,0,0,0,0,0,0,0,0,0,0,350,0,0,0,180,100,0,0,0,0,100,0,0,0,0,0,0,0,0,0,0,0,6,0,0,0,0,0,0,0,0,0,0,0,0,0,0,0,0,0,0,1,1,1,0,0,0,0,0,0,0,0,0,60,-1,-1,2120,2020,-1,-1,-1,-1,401000,300,304,-1,-1,-1,-1,-1,-1,-1,-1,-1,-1,-1,-1,-1,-1,-1,-1,-1,-1,-1,-1,-1,0,0,0,0,0,0,0,0,0,0,0,0,0,0,0,0,0,0,0,0,0,0,0,0,0,0,0,0,0,0,0,0,0,0,0,0,0,0,0,0,0,0,0,0,0,0,0,0,0,0,0,0,0,0,0,0,0,0,0,0,0,139,139,0,0,0,1,0,0,0,0,100,100,100,100,0,0,100,-1,0,100,100,0,1,1,-1,0,0,0,0,[0|0|0],-1,0,0,[0|0|0|0|0|0|0|0|0|0]
5020641,,0.45,0.45,0,0,1.5,0,-1,-1,-1,-1,-1,10,12,0,0,11,13,0,0,0,0,0,0,0,0,0,0,0,0,0,150,0,0,0,80,100,0,0,0,0,100,0,0,0,0,0,0,0,0,0,0,0,1,0,0,0,0,3,6,0,0,0,0,0,0,0,0,0,0,0,0,1,0,1,0,0,0,0,0,0,0,0,0,10,-1,-1,2100,2000,-1,-1,-1,-1,401000,300,304,-1,-1,-1,-1,-1,-1,-1,-1,-1,-1,-1,-1,-1,-1,-1,-1,-1,-1,-1,-1,-1,0,0,0,0,0,0,0,0,0,0,0,0,0,0,0,0,0,0,0,0,0,0,0,0,0,0,0,0,0,0,0,0,0,0,0,0,0,0,0,0,0,0,0,0,0,0,0,0,0,0,0,0,0,0,0,0,0,0,0,0,0,139,139,0,0,0,1,0,0,0,0,100,100,100,100,0,0,100,-1,-1,-1,100,0,1,1,-1,0,0,0,0,[0|0|0],-1,0,0,[0|0|0|0|0|0|0|0|0|0]
5020650,[DLC - Putrescent Knight] Attack,0.8,0.8,0.8,0.8,1.5,0,24003,-1,-1,-1,-1,10,11,12,13,11,12,13,14,0,0,0,0,0,0,0,0,0,0,0,240,0,0,0,110,100,0,0,0,0,100,0,0,0,0,0,0,0,0,0,0,0,1,0,0,0,0,0,0,0,0,0,0,0,0,0,0,0,0,0,0,1,4,1,0,0,0,0,0,0,0,0,0,20,-1,-1,2100,2000,-1,-1,-1,-1,401000,300,304,-1,-1,-1,-1,-1,-1,-1,-1,-1,-1,-1,-1,-1,-1,-1,-1,-1,-1,-1,-1,-1,0,0,0,0,0,0,0,0,0,0,0,0,0,0,0,0,0,0,0,0,0,0,0,0,0,0,0,0,0,0,0,0,0,0,0,0,0,0,0,0,0,0,0,0,0,0,0,0,0,0,0,0,0,0,0,0,0,0,0,0,0,139,139,0,0,0,1,0,0,0,0,100,100,100,100,0,0,100,-1,0,100,100,0,1,1,-1,0,0,0,0,[0|0|0],-1,0,0,[0|0|0|0|0|0|0|0|0|0]
5020651,[DLC - Putrescent Knight] Attack,0.8,0.8,0.8,0.8,1.5,0,24003,-1,-1,-1,-1,10,11,12,13,11,12,13,14,0,0,0,0,0,0,0,0,0,0,0,240,0,0,0,110,100,0,0,0,0,100,0,0,0,0,0,0,0,0,0,0,0,1,0,0,0,0,0,0,0,0,0,0,0,0,0,0,0,0,0,0,1,4,1,0,0,0,0,0,0,0,0,0,20,-1,-1,2100,2000,-1,-1,-1,-1,401000,300,304,-1,-1,-1,-1,-1,-1,-1,-1,-1,-1,-1,-1,-1,-1,-1,-1,-1,-1,-1,-1,-1,0,0,0,0,0,0,0,0,0,0,0,0,0,0,0,0,0,0,0,0,0,0,0,0,0,0,0,0,0,0,0,0,0,0,0,0,0,0,0,0,0,0,0,0,0,0,0,0,0,0,0,0,0,0,0,0,0,0,0,0,0,139,139,0,0,0,1,0,0,0,0,100,100,100,100,0,0,100,-1,0,100,100,0,1,1,-1,0,0,0,0,[0|0|0],-1,0,0,[0|0|0|0|0|0|0|0|0|0]
5020652,[DLC - Putrescent Knight] Attack,0.8,0.8,0.8,0.8,2,0,24003,-1,-1,-1,-1,10,11,12,13,11,12,13,14,0,0,0,0,0,0,0,0,0,0,0,270,0,0,0,130,100,0,0,0,0,100,0,0,0,0,0,0,0,0,0,0,0,3,0,0,0,0,0,0,0,0,0,0,0,0,0,0,0,0,0,0,1,4,1,0,0,0,0,0,0,0,0,0,40,-1,-1,2120,2020,-1,-1,-1,-1,401000,300,304,-1,-1,-1,-1,-1,-1,-1,-1,-1,-1,-1,-1,-1,-1,-1,-1,-1,-1,-1,-1,-1,0,0,0,0,0,0,0,0,0,0,0,0,0,0,0,0,0,0,0,0,0,0,0,0,0,0,0,0,0,0,0,0,0,0,0,0,0,0,0,0,0,0,0,0,0,0,0,0,0,0,0,0,0,0,0,0,0,0,0,0,0,139,139,0,0,0,1,0,0,0,0,100,100,100,100,0,0,100,-1,0,100,100,0,1,1,-1,0,0,0,0,[0|0|0],-1,0,0,[0|0|0|0|0|0|0|0|0|0]
5020900,Lightningbone Arrow (Fletched) - Bullet,0.7,0.7,0.7,0,1,0,-1,-1,-1,-1,-1,40,50,70,0,41,51,-1,0,0,0,0,0,0,0,0,0,0,0,0,220,0,0,0,120,100,0,0,0,0,100,0,0,0,0,0,0,0,0,0,0,0,1,0,0,3,0,1,1,0,0,0,0,0,0,0,0,0,0,0,0,1,0,1,0,0,0,0,0,0,0,0,0,20,-1,-1,2100,2000,-1,-1,-1,-1,-1,-1,-1,-1,-1,-1,-1,-1,-1,-1,-1,-1,-1,-1,-1,-1,-1,-1,-1,-1,-1,-1,-1,-1,0,0,0,0,0,0,0,0,0,0,0,0,0,0,0,0,0,0,0,0,0,0,0,0,0,0,0,0,0,0,0,0,0,0,0,0,0,0,0,0,0,0,0,0,0,0,0,0,0,0,0,0,0,0,0,0,0,0,0,0,0,139,139,0,0,0,1,0,0,0,0,100,100,100,100,0,0,100,-1,0,100,100,0,1,1,-1,0,0,0,0,[0|0|0],-1,0,0,[0|0|0|0|0|0|0|0|0|0]
5020916,[DLC - Putrescent Knight] Bullet,0,0,0,0,2,0,-1,-1,-1,-1,-1,0,0,0,0,0,0,0,0,0,0,0,0,0,0,0,0,0,0,0,0,0,0,0,10,0,0,0,0,0,100,0,0,0,0,0,0,0,0,0,0,0,7,0,0,3,0,3,6,0,0,0,0,0,0,0,0,0,0,0,0,2,0,1,0,0,0,0,0,0,0,0,0,0,-1,-1,2100,2000,-1,-1,-1,-1,-1,-1,-1,-1,-1,-1,-1,-1,-1,-1,-1,-1,-1,-1,-1,-1,-1,-1,-1,-1,-1,-1,-1,-1,0,0,0,0,0,0,0,0,0,0,0,0,0,0,0,0,0,0,0,0,0,0,0,0,0,0,0,0,0,0,0,0,0,0,0,0,0,0,0,0,0,0,0,0,0,0,0,0,0,0,0,0,0,0,0,0,0,0,0,0,0,139,139,0,0,0,1,0,0,0,0,100,100,100,100,0,0,100,-1,-1,-1,100,0,1,1,-1,0,0,0,0,[0|0|0],-1,0,0,[0|0|0|0|0|0|0|0|0|0]
5051221,[DLC - Midra- Lord of Frenzied Flame] Bullet,0.3,0.3,0,0,1.25,0,-1,-1,-1,-1,-1,10,12,0,0,12,13,0,0,0,0,0,0,0,0,0,0,0,0,0,0,0,200,0,90,100,0,0,0,0,10,0,0,0,0,0,0,0,0,0,0,0,7,2,0,3,0,3,6,0,0,0,0,0,0,0,0,0,0,0,0,0,1,1,0,0,0,0,0,0,0,0,0,10,-1,-1,2110,2010,-1,-1,-1,-1,-1,-1,-1,-1,-1,-1,-1,-1,-1,-1,-1,-1,-1,-1,-1,-1,-1,-1,-1,-1,-1,-1,-1,-1,0,0,0,0,0,0,0,0,0,0,0,0,0,0,0,0,0,0,0,0,0,0,0,0,0,0,0,0,0,0,0,0,0,0,0,0,0,0,0,0,0,0,0,0,0,0,0,0,0,0,0,0,0,0,0,0,0,0,0,0,0,139,139,0,0,0,1,0,0,0,0,100,100,100,100,0,0,100,-1,-1,-1,100,0,1,1,-1,0,0,0,0,[0|0|0],0,0,0,[0|0|0|0|0|0|0|0|0|0]
5051222,[DLC - Midra- Lord of Frenzied Flame] Attack,0.3,0.3,0,0,1.25,0,-1,-1,-1,-1,-1,10,20,0,0,11,21,0,0,0,0,0,0,0,0,0,0,0,0,0,300,0,150,0,60,100,0,0,0,0,10,0,0,0,0,0,0,0,0,0,0,0,1,0,0,3,0,3,6,0,0,0,2,0,0,0,0,0,0,0,0,0,0,1,0,0,0,0,0,0,0,0,0,10,-1,-1,2100,2000,-1,-1,-1,-1,-1,-1,-1,-1,-1,-1,-1,-1,-1,-1,-1,-1,-1,-1,-1,-1,-1,-1,-1,-1,-1,-1,-1,-1,0,0,0,0,0,0,0,0,0,0,0,0,0,0,0,0,0,0,0,0,0,0,0,0,0,0,0,0,0,0,0,0,0,0,0,0,0,0,0,0,0,0,0,0,0,0,0,0,0,0,0,0,0,0,0,0,0,0,0,0,0,139,139,0,0,0,1,0,0,0,0,100,100,100,100,0,0,100,-1,-1,-1,100,0,1,1,-1,0,0,0,0,[0|0|0],0,0,0,[0|0|0|0|0|0|0|0|0|0]
5190127,[DLC - Spider Scorpion] Attack,0.6,0.6,0.6,0.6,0,0,-1,-1,-1,-1,-1,20,21,22,30,21,22,23,31,0,0,0,0,0,0,0,0,0,0,0,0,0,0,0,0,0,80,0,0,0,10,0,0,0,0,0,0,0,0,0,0,0,0,0,0,1,0,1,4,0,139,0,0,0,0,0,0,0,0,0,0,0,0,1,0,0,0,0,0,0,0,0,0,0,-1,-1,2100,2000,-1,-1,-1,-1,-1,-1,-1,-1,-1,-1,-1,-1,-1,-1,-1,-1,-1,-1,-1,-1,-1,-1,-1,-1,-1,-1,-1,-1,0.6,0.6,0,0,0,0,0,0,0,0,0,0,31,32,0,0,0,0,0,0,0,0,0,0,32,33,0,0,0,0,0,0,0,0,0,0,0,0,0,0,0,0,0,0,0,0,0,0,0,0,0,0,0,0,0,0,0,0,0,0,139,139,139,0,0,0,1,0,0,0,0,100,100,100,100,0,0,100,-1,0,100,100,0,1,1,-1,0,0,0,0,[0|0|0],-1,0,0,[0|0|0|0|0|0|0|0|0|0]
5210990,[DLC - Divine Beast Dancing Lion] Attack,2,0,0,0,0,0,-1,20011240,-1,-1,-1,25,0,0,0,-1,0,0,0,0,0,0,0,0,0,0,0,0,0,0,0,0,0,0,0,100,0,0,0,0,0,0,0,0,0,0,0,0,0,0,0,0,0,0,0,3,0,3,6,0,0,0,0,0,0,0,0,0,0,0,0,0,0,1,0,0,0,0,0,0,0,0,0,0,-1,-1,0,0,-1,-1,-1,-1,-1,-1,-1,-1,-1,-1,-1,-1,-1,-1,-1,-1,-1,-1,-1,-1,-1,-1,-1,-1,-1,-1,-1,-1,0,0,0,0,0,0,0,0,0,0,0,0,0,0,0,0,-1,-1,-1,-1,-1,-1,-1,-1,0,0,0,0,-1,-1,-1,-1,-1,-1,-1,-1,0,0,0,0,0,0,0,0,0,0,0,0,0,0,0,0,0,0,0,0,0,0,0,0,0,139,139,0,0,0,1,0,0,0,0,100,100,100,100,0,0,100,-1,0,0,100,0,1,1,-1,0,0,0,0,[0|0|0],-1,0,0,[0|0|0|0|0|0|0|0|0|0]
5220150,[DLC - Promised Consort Radahn] Attack,0.85,0.85,0,0,2,0,-1,-1,-1,-1,-1,10,11,0,0,11,12,0,0,0,0,0,0,0,0,0,0,0,0,0,210,0,0,0,80,100,0,0,0,0,100,0,0,0,0,0,0,0,0,0,0,0,1,0,0,0,0,0,0,0,0,0,0,0,0,0,0,0,0,0,0,0,3,1,0,0,0,0,0,0,0,0,0,10,-1,-1,2100,2000,-1,-1,-1,-1,401000,300,-1,-1,-1,-1,-1,-1,-1,-1,-1,-1,-1,-1,-1,-1,-1,-1,-1,-1,-1,-1,-1,-1,0,0,0,0,0,0,0,0,0,0,0,0,0,0,0,0,-1,-1,-1,-1,-1,-1,-1,-1,0,0,0,0,-1,-1,-1,-1,-1,-1,-1,-1,0,0,0,0,0,0,0,0,0,0,0,0,0,0,0,0,0,0,0,0,0,0,0,0,0,139,139,0,0,0,1,0,0,0,0,100,100,100,100,0,0,100,-1,0,100,100,0,1,1,-1,0,0,0,0,[0|0|0],-1,0,0,[0|0|0|0|0|0|0|0|0|0]
5220151,[DLC - Promised Consort Radahn] Attack,0.85,0.85,0,0,2,0,-1,-1,-1,-1,-1,20,21,0,0,21,22,0,0,0,0,0,0,0,0,0,0,0,0,0,210,0,0,0,80,100,0,0,0,0,100,0,0,0,0,0,0,0,0,0,0,0,1,0,0,0,0,0,0,0,0,0,0,0,0,0,0,0,0,0,0,0,3,1,0,0,0,0,0,0,0,0,0,10,-1,-1,2100,2000,-1,-1,-1,-1,401000,310,-1,-1,-1,-1,-1,-1,-1,-1,-1,-1,-1,-1,-1,-1,-1,-1,-1,-1,-1,-1,-1,-1,0,0,0,0,0,0,0,0,0,0,0,0,0,0,0,0,-1,-1,-1,-1,-1,-1,-1,-1,0,0,0,0,-1,-1,-1,-1,-1,-1,-1,-1,0,0,0,0,0,0,0,0,0,0,0,0,0,0,0,0,0,0,0,0,0,0,0,0,0,139,139,0,0,0,1,0,0,0,0,100,100,100,100,0,0,100,-1,0,100,100,0,1,1,-1,0,0,0,0,[0|0|0],-1,0,0,[0|0|0|0|0|0|0|0|0|0]
5220270,[DLC - Promised Consort Radahn] Attack,0,0,0,0,1.8,0,-1,-1,-1,-1,-1,0,0,0,0,0,0,0,0,0,0,0,0,0,0,0,0,0,0,0,200,0,0,0,100,100,0,0,0,0,100,0,0,0,0,0,0,0,0,0,0,0,1,0,0,1,10,1,0,0,0,0,0,0,0,0,0,0,0,0,0,0,0,1,0,0,0,0,0,0,0,0,0,50,-1,-1,2100,2000,-1,-1,-1,-1,401000,310,-1,-1,-1,-1,-1,-1,-1,-1,-1,-1,-1,-1,-1,-1,-1,-1,-1,-1,-1,-1,-1,-1,0,0,0,0,0,0,0,0,0,0,0,0,0,0,0,0,-1,-1,-1,-1,-1,-1,-1,-1,0,0,0,0,-1,-1,-1,-1,-1,-1,-1,-1,0,0,0,0,0,0,0,0,0,0,0,0,0,0,0,0,0,0,0,0,0,0,0,0,0,139,139,0,0,0,1,0,0,0,0,100,100,100,100,0,0,100,-1,0,100,100,0,1,1,-1,4,0,0,0,[0|0|0],-1,0,0,[0|0|0|0|0|0|0|0|0|0]
5230100,[DLC - Scadutree Avatar] Attack,3,0,0,0,2.5,0,-1,-1,-1,-1,-1,10,0,0,0,-1,0,0,0,0,0,0,0,0,0,0,0,0,0,0,220,0,0,0,150,100,0,0,0,0,100,0,0,0,0,0,0,0,0,0,0,0,2,0,0,1,0,1,2,0,0,0,0,0,0,0,0,0,0,0,0,2,1,1,0,0,0,0,0,0,0,0,0,30,-1,-1,2110,2010,-1,-1,-1,-1,-1,-1,-1,-1,-1,-1,-1,-1,-1,-1,-1,-1,-1,-1,-1,-1,-1,-1,-1,-1,-1,-1,-1,-1,0,0,0,0,0,0,0,0,0,0,0,0,0,0,0,0,0,0,0,0,0,0,0,0,0,0,0,0,0,0,0,0,0,0,0,0,0,0,0,0,0,0,0,0,0,0,0,0,0,0,0,0,0,0,0,0,0,0,0,0,0,139,139,0,0,0,0,0,0,0,0,100,100,100,100,0,0,100,-1,0,100,100,0,1,1,-1,0,0,0,0,[0|0|0],0,0,0,[0|0|0|0|0|0|0|0|0|0]
5230120,[DLC - Scadutree Avatar] Attack,3,0,0,0,2.5,0,-1,-1,-1,-1,-1,10,0,0,0,-1,0,0,0,0,0,0,0,0,0,0,0,0,0,0,200,0,0,0,100,100,0,0,0,0,100,0,0,4100,0,0,0,0,0,0,0,0,2,0,0,1,0,1,2,0,0,0,1,0,0,0,0,0,0,0,0,2,1,1,0,0,0,0,0,0,0,0,0,50,-1,-1,2110,2010,-1,-1,-1,-1,-1,-1,-1,-1,-1,-1,-1,-1,-1,-1,-1,-1,-1,-1,-1,-1,-1,-1,-1,-1,-1,-1,-1,-1,0,0,0,0,0,0,0,0,0,0,0,0,0,0,0,0,0,0,0,0,0,0,0,0,0,0,0,0,0,0,0,0,0,0,0,0,0,0,0,0,0,0,0,0,0,0,0,0,0,0,0,0,0,0,0,0,0,0,0,0,0,139,139,0,0,0,0,0,0,0,0,100,100,100,100,0,0,100,-1,0,100,100,0,1,1,-1,0,0,0,0,[0|0|0],0,0,0,[0|0|0|0|0|0|0|0|0|0]
5230121,[DLC - Scadutree Avatar] Attack,3,0,0,0,2.5,0,-1,-1,-1,-1,-1,10,0,0,0,-1,0,0,0,0,0,0,0,0,0,0,0,0,0,0,100,0,0,0,100,100,0,0,0,0,100,0,0,0,0,0,0,0,0,0,0,0,0,0,0,3,13,3,6,0,0,0,2,0,0,0,0,0,0,0,0,0,1,1,0,0,0,0,0,0,0,0,0,20,-1,-1,2130,2030,-1,-1,-1,-1,-1,-1,-1,-1,-1,-1,-1,-1,-1,-1,-1,-1,-1,-1,-1,-1,-1,-1,-1,-1,-1,-1,-1,-1,0,0,0,0,0,0,0,0,0,0,0,0,0,0,0,0,0,0,0,0,0,0,0,0,0,0,0,0,0,0,0,0,0,0,0,0,0,0,0,0,0,0,0,0,0,0,0,0,0,0,0,0,0,0,0,0,0,0,0,0,0,139,139,0,60,0,0,0,0,0,0,100,100,100,100,0,0,100,-1,0,100,100,0,1,1,-1,0,0,0,0,[0|0|0],0,0,0,[0|0|0|0|0|0|0|0|0|0]
5230520,[DLC - Scadutree Avatar] Attack,1.5,1.5,1.5,1.5,2.5,0,-1,-1,-1,-1,-1,20,21,22,23,21,22,23,24,0,0,0,0,0,0,0,0,0,0,0,220,0,0,0,90,100,0,0,0,0,100,0,0,0,0,0,0,0,0,0,0,0,2,0,0,1,0,1,2,0,0,0,0,0,0,0,0,0,0,0,0,2,3,1,0,0,0,0,0,0,0,0,0,20,-1,-1,2110,2010,-1,-1,-1,-1,-1,-1,-1,-1,-1,-1,-1,-1,-1,-1,-1,-1,-1,-1,-1,-1,-1,-1,-1,-1,-1,-1,-1,-1,1.5,1.5,1.5,1.5,0,0,0,0,0,0,0,0,30,31,32,33,0,0,0,0,0,0,0,0,31,32,33,34,0,0,0,0,0,0,0,0,0,0,0,0,0,0,0,0,0,0,0,0,0,0,0,0,0,0,0,0,0,0,0,0,0,139,139,0,0,0,0,0,0,0,0,100,100,100,100,0,0,100,-1,0,100,100,0,1,1,-1,0,0,0,0,[0|0|0],0,0,0,[0|0|0|0|0|0|0|0|0|0]
5260101,[DLC - Golem Smith] Attack,0.5,0.45,0.25,0.6,1.8,0,-1,-1,-1,-1,-1,10,11,40,10,11,12,41,-1,0,0,0,0,0,0,0,0,0,0,0,230,0,50,0,60,100,0,0,0,0,10,0,0,0,0,0,0,0,0,0,0,0,7,0,0,1,0,1,4,0,0,0,0,0,0,0,0,0,0,0,0,0,0,1,0,0,0,0,0,0,0,0,0,10,-1,-1,2130,2030,-1,-1,-1,-1,-1,-1,-1,-1,-1,-1,-1,-1,-1,-1,-1,-1,-1,-1,-1,-1,-1,-1,-1,-1,-1,-1,-1,-1,0,0,0,0,0,0,0,0,0,0,0,0,-1,-1,-1,-1,-1,-1,-1,-1,-1,-1,-1,-1,-1,-1,-1,-1,-1,-1,-1,-1,-1,-1,-1,-1,0,0,0,0,0,0,0,0,0,0,0,0,0,0,0,0,0,0,0,0,0,0,0,0,0,139,139,0,0,0,1,0,0,0,0,100,100,100,100,0,0,100,-1,0,100,100,0,1,1,-1,0,0,0,0,[0|0|0],-1,0,0,[0|0|0|0|0|0|0|0|0|0]
5260141,[DLC - Golem Smith] Attack,0.45,0.45,0.25,0,1.78,0,-1,-1,-1,-1,-1,10,11,40,0,11,12,41,0,0,0,0,0,0,0,0,0,0,0,0,160,0,50,0,60,100,0,0,0,0,10,0,0,0,0,0,0,0,0,0,0,0,2,0,0,1,0,1,4,0,0,0,0,0,0,0,0,0,0,0,0,0,0,1,0,0,0,0,0,0,0,0,0,10,-1,-1,2110,2010,-1,-1,-1,-1,-1,-1,-1,-1,-1,-1,-1,-1,-1,-1,-1,-1,-1,-1,-1,-1,-1,-1,-1,-1,-1,-1,-1,-1,0,0,0,0,0,0,0,0,0,0,0,0,-1,-1,-1,-1,-1,-1,-1,-1,-1,-1,-1,-1,-1,-1,-1,-1,-1,-1,-1,-1,-1,-1,-1,-1,0,0,0,0,0,0,0,0,0,0,0,0,0,0,0,0,0,0,0,0,0,0,0,0,0,139,139,0,0,0,1,0,0,0,0,100,100,100,100,0,0,100,-1,0,100,100,0,1,1,-1,0,0,0,0,[0|0|0],-1,0,0,[0|0|0|0|0|0|0|0|0|0]
5260251,[DLC - Golem Smith] Attack,0.45,0.45,0.25,0,1,0,-1,-1,-1,-1,-1,10,11,40,0,11,12,41,0,0,0,0,0,0,0,0,0,0,0,0,230,0,50,0,60,100,0,0,0,0,10,0,0,0,0,0,0,0,0,0,0,0,2,0,0,1,0,1,4,0,0,0,0,0,0,0,0,0,0,0,0,0,0,1,0,0,0,0,0,0,0,0,0,10,-1,-1,2110,2010,-1,-1,-1,-1,-1,-1,-1,-1,-1,-1,-1,-1,-1,-1,-1,-1,-1,-1,-1,-1,-1,-1,-1,-1,-1,-1,-1,-1,0,0,0,0,0,0,0,0,0,0,0,0,-1,-1,-1,-1,-1,-1,-1,-1,-1,-1,-1,-1,-1,-1,-1,-1,-1,-1,-1,-1,-1,-1,-1,-1,0,0,0,0,0,0,0,0,0,0,0,0,0,0,0,0,0,0,0,0,0,0,0,0,0,139,139,0,0,0,1,0,0,0,0,100,100,100,100,0,0,100,-1,0,100,100,0,1,1,-1,0,0,0,0,[0|0|0],-1,0,0,[0|0|0|0|0|0|0|0|0|0]
