ID,Name,disableParam_NT,disableParamReserve1,disableParamReserve2,sortId,wanderingEquipId,resistSleep,resistMadness,saDurability,toughnessCorrectRate,fixPrice,basicPrice,sellValue,weight,residentSpEffectId,residentSpEffectId2,residentSpEffectId3,materialSetId,partsDamageRate,corectSARecover,originEquipPro,originEquipPro1,originEquipPro2,originEquipPro3,originEquipPro4,originEquipPro5,originEquipPro6,originEquipPro7,originEquipPro8,originEquipPro9,originEquipPro10,originEquipPro11,originEquipPro12,originEquipPro13,originEquipPro14,originEquipPro15,faceScaleM_ScaleX,faceScaleM_ScaleZ,faceScaleM_MaxX,faceScaleM_MaxZ,faceScaleF_ScaleX,faceScaleF_ScaleZ,faceScaleF_MaxX,faceScaleF_MaxZ,qwcId,equipModelId,iconIdM,iconIdF,knockBack,knockbackBounceRate,durability,durabilityMax,pad03,defFlickPower,defensePhysics,defenseMagic,defenseFire,defenseThunder,defenseSlash,defenseBlow,defenseThrust,resistPoison,resistDisease,resistBlood,resistCurse,reinforceTypeId,trophySGradeId,shopLv,knockbackParamId,flickDamageCutRate,equipModelCategory,equipModelGender,protectorCategory,rarity,sortGroupId,partsDmgType,pad04,isDeposit,headEquip,bodyEquip,armEquip,legEquip,useFaceScale,isSkipWeakDamageAnim,pad06,defenseMaterialVariationValue_Weak,autoFootEffectDecalBaseId2,autoFootEffectDecalBaseId3,defenseMaterialVariationValue,isDiscard,isDrop,disableMultiDropShare,simpleModelForDlc,showLogCondType,showDialogCondType,pad,neutralDamageCutRate,slashDamageCutRate,blowDamageCutRate,thrustDamageCutRate,magicDamageCutRate,fireDamageCutRate,thunderDamageCutRate,defenseMaterialSfx1,defenseMaterialSfx_Weak1,defenseMaterial1,defenseMaterial_Weak1,defenseMaterialSfx2,defenseMaterialSfx_Weak2,footMaterialSe,defenseMaterial_Weak2,autoFootEffectDecalBaseId1,toughnessDamageCutRate,toughnessRecoverCorrection,darkDamageCutRate,defenseDark,invisibleFlag48,invisibleFlag49,invisibleFlag50,invisibleFlag51,invisibleFlag52,invisibleFlag53,invisibleFlag54,invisibleFlag55,invisibleFlag56,invisibleFlag57,invisibleFlag58,invisibleFlag59,invisibleFlag60,invisibleFlag61,invisibleFlag62,invisibleFlag63,invisibleFlag64,invisibleFlag65,invisibleFlag66,invisibleFlag67,invisibleFlag68,invisibleFlag69,invisibleFlag70,invisibleFlag71,invisibleFlag72,invisibleFlag73,invisibleFlag74,invisibleFlag75,invisibleFlag76,invisibleFlag77,invisibleFlag78,invisibleFlag79,invisibleFlag80,padbit,postureControlId,pad2,saleValue,resistFreeze,invisibleFlag_SexVer00,invisibleFlag_SexVer01,invisibleFlag_SexVer02,invisibleFlag_SexVer03,invisibleFlag_SexVer04,invisibleFlag_SexVer05,invisibleFlag_SexVer06,invisibleFlag_SexVer07,invisibleFlag_SexVer08,invisibleFlag_SexVer09,invisibleFlag_SexVer10,invisibleFlag_SexVer11,invisibleFlag_SexVer12,invisibleFlag_SexVer13,invisibleFlag_SexVer14,invisibleFlag_SexVer15,invisibleFlag_SexVer16,invisibleFlag_SexVer17,invisibleFlag_SexVer18,invisibleFlag_SexVer19,invisibleFlag_SexVer20,invisibleFlag_SexVer21,invisibleFlag_SexVer22,invisibleFlag_SexVer23,invisibleFlag_SexVer24,invisibleFlag_SexVer25,invisibleFlag_SexVer26,invisibleFlag_SexVer27,invisibleFlag_SexVer28,invisibleFlag_SexVer29,invisibleFlag_SexVer30,invisibleFlag_SexVer31,invisibleFlag_SexVer32,invisibleFlag_SexVer33,invisibleFlag_SexVer34,invisibleFlag_SexVer35,invisibleFlag_SexVer36,invisibleFlag_SexVer37,invisibleFlag_SexVer38,invisibleFlag_SexVer39,invisibleFlag_SexVer40,invisibleFlag_SexVer41,invisibleFlag_SexVer42,invisibleFlag_SexVer43,invisibleFlag_SexVer44,invisibleFlag_SexVer45,invisibleFlag_SexVer46,invisibleFlag_SexVer47,invisibleFlag_SexVer48,invisibleFlag_SexVer49,invisibleFlag_SexVer50,invisibleFlag_SexVer51,invisibleFlag_SexVer52,invisibleFlag_SexVer53,invisibleFlag_SexVer54,invisibleFlag_SexVer55,invisibleFlag_SexVer56,invisibleFlag_SexVer57,invisibleFlag_SexVer58,invisibleFlag_SexVer59,invisibleFlag_SexVer60,invisibleFlag_SexVer61,invisibleFlag_SexVer62,invisibleFlag_SexVer63,invisibleFlag_SexVer64,invisibleFlag_SexVer65,invisibleFlag_SexVer66,invisibleFlag_SexVer67,invisibleFlag_SexVer68,invisibleFlag_SexVer69,invisibleFlag_SexVer70,invisibleFlag_SexVer71,invisibleFlag_SexVer72,invisibleFlag_SexVer73,invisibleFlag_SexVer74,invisibleFlag_SexVer75,invisibleFlag_SexVer76,invisibleFlag_SexVer77,invisibleFlag_SexVer78,invisibleFlag_SexVer79,invisibleFlag_SexVer80,invisibleFlag_SexVer81,invisibleFlag_SexVer82,invisibleFlag_SexVer83,invisibleFlag_SexVer84,invisibleFlag_SexVer85,invisibleFlag_SexVer86,invisibleFlag_SexVer87,invisibleFlag_SexVer88,invisibleFlag_SexVer89,invisibleFlag_SexVer90,invisibleFlag_SexVer91,invisibleFlag_SexVer92,invisibleFlag_SexVer93,invisibleFlag_SexVer94,invisibleFlag_SexVer95,pad404,
5100000,Igon's Helm,1,0,[0|0|0],505150,0,22,22,0,0.005,1050,0,500,3.3,-1,-1,-1,7000,1.5,0,-1,-1,-1,-1,-1,-1,-1,-1,-1,-1,-1,-1,-1,-1,-1,-1,1,1,1,1,1,1,1,1,-1,2850,15555,15555,0,0,0,0,[0|0],0,0,0,0,0,0,0,0,26,26,16,22,0,-1,-1,1,0,5,4,0,1,60,0,[0|0],1,1,0,0,0,1,0,0,0,-1,-1,0,1,0,0,0,1,2,0,0.969,0.969,0.966,0.969,0.964,0.962,0.96,109,110,113,110,113,139,139,139,-1,1,0,0.964,0,0,0,0,0,0,0,0,0,0,0,0,0,0,0,0,0,0,0,0,0,0,0,0,0,0,0,0,0,0,0,0,0,0,0,0,[0|0|0|0],0,16,0,1,1,1,1,0,0,0,0,0,0,0,0,0,0,0,0,0,0,0,0,0,0,0,0,0,0,0,0,0,0,0,1,0,1,0,0,1,0,0,0,0,0,0,0,0,0,0,0,0,0,0,0,0,0,0,0,0,0,0,1,1,1,1,1,1,1,1,1,1,0,0,0,0,0,1,1,0,1,1,1,0,0,0,0,0,0,0,0,0,0,0,0,0,0,1,[0|0|0|0|0|0|0|0|0|0|0|0|0|0]
5002100,Oathseeker Knight Armor,1,0,[0|0|0],607990,0,21,21,100,0.019,1150,0,500,9.2,-1,-1,-1,7000,1,-0.4,-1,-1,-1,-1,-1,-1,-1,-1,-1,-1,-1,-1,-1,-1,-1,-1,1,1,1,1,1,1,1,1,-1,2735,15514,15514,0,0,0,0,[0|0],0,0,0,0,0,0,0,0,25,25,50,21,0,-1,-1,1,0,2,4,1,2,90,0,[0|0],1,0,1,0,0,0,0,0,0,-1,-1,0,1,0,0,0,1,2,0,0.878,0.883,0.9,0.888,0.905,0.905,0.933,109,50,106,50,106,139,139,139,-1,1,0,0.905,0,0,0,0,0,0,0,0,0,0,0,0,0,0,0,0,0,0,0,0,0,0,0,0,0,0,0,0,0,0,0,0,0,0,0,0,[0|0|0|0],0,50,0,0,0,0,0,1,1,1,1,1,1,0,0,0,0,0,0,0,0,1,1,1,0,0,0,0,0,0,0,0,0,0,0,0,0,0,0,0,0,0,1,1,1,0,0,1,1,1,0,1,1,0,1,0,1,1,0,1,0,1,0,0,0,0,0,0,1,1,1,0,1,0,0,1,0,0,0,0,0,0,0,0,0,0,0,0,0,0,0,0,0,0,0,0,0,0,[0|0|0|0|0|0|0|0|0|0|0|0|0|0]
5100100,Igon's Armor,1,0,[0|0|0],604210,0,50,50,100,0.017,1150,0,500,8,-1,-1,-1,7000,1,-0.4,-1,-1,-1,-1,-1,-1,-1,-1,-1,-1,-1,-1,-1,-1,-1,-1,1,1,1,1,1,1,1,1,-1,2850,15556,15556,0,0,0,0,[0|0],0,0,0,0,0,0,0,0,57,57,38,50,0,-1,-1,1,0,2,4,1,1,50,0,[0|0],1,0,1,0,0,0,0,0,0,-1,-1,0,1,0,0,0,1,2,0,0.905,0.905,0.898,0.905,0.891,0.886,0.881,109,50,108,50,113,139,139,139,-1,1,0,0.891,0,0,0,0,0,0,0,0,0,0,0,0,0,0,0,0,0,0,0,0,0,0,0,0,0,0,0,0,0,0,0,0,0,0,0,0,[0|0|0|0],0,38,0,0,0,0,0,0,1,0,0,0,0,0,0,0,0,0,0,0,0,1,0,0,0,0,0,0,0,0,0,0,0,0,0,0,0,0,0,0,0,0,1,1,1,0,1,0,1,1,0,1,1,0,1,0,1,1,1,1,0,1,0,0,0,0,0,0,1,1,0,1,1,0,0,1,0,0,0,0,0,0,0,1,1,1,1,1,1,1,1,1,1,1,1,1,1,0,[0|0|0|0|0|0|0|0|0|0|0|0|0|0]
5100200,Igon's Gauntlets,1,0,[0|0|0],704070,0,18,18,0,0.004,1150,0,500,2.8,-1,-1,-1,7000,1.1,0,-1,-1,-1,-1,-1,-1,-1,-1,-1,-1,-1,-1,-1,-1,-1,-1,1,1,1,1,1,1,1,1,-1,2850,15557,15557,0,0,0,0,[0|0],0,0,0,0,0,0,0,0,21,21,14,18,0,-1,-1,1,0,1,4,2,1,50,0,[0|0],1,0,0,1,0,0,0,0,0,-1,-1,0,1,0,0,0,1,2,0,0.977,0.977,0.975,0.977,0.973,0.972,0.971,109,50,144,50,144,139,139,139,-1,1,0,0.973,0,0,0,0,0,0,0,0,0,0,0,0,0,0,0,0,0,0,0,0,0,0,0,0,0,0,0,0,0,0,0,0,0,0,0,0,[0|0|0|0],0,14,0,0,0,0,0,0,0,0,0,0,0,1,0,1,0,0,0,0,1,0,0,0,0,0,1,0,1,0,1,1,0,1,0,0,0,0,0,0,0,0,0,0,0,0,0,0,0,0,0,0,0,0,0,0,0,0,0,0,0,0,0,0,0,0,0,0,0,0,0,0,0,0,0,0,0,0,0,0,0,0,0,0,0,0,0,0,0,0,0,0,0,0,0,0,0,0,[0|0|0|0|0|0|0|0|0|0|0|0|0|0]
5100300,Igon's Loincloth,1,0,[0|0|0],804080,0,26,26,0,0.008,1250,0,500,3.9,-1,-1,-1,7000,1.1,0,-1,-1,-1,-1,-1,-1,-1,-1,-1,-1,-1,-1,-1,-1,-1,-1,1,1,1,1,1,1,1,1,-1,2850,15558,15558,0,0,0,0,[0|0],0,0,0,0,0,0,0,0,34,34,20,26,0,-1,-1,1,0,6,4,3,1,50,0,[0|0],1,0,0,0,1,0,0,0,0,-1,-1,0,1,0,0,0,1,2,0,0.96,0.96,0.955,0.96,0.95,0.946,0.942,109,50,113,50,113,139,109,139,111,1,0,0.95,0,0,0,0,0,0,0,0,0,0,0,0,0,0,0,0,0,0,0,0,0,0,0,0,0,0,0,0,0,0,0,0,0,0,0,0,[0|0|0|0],0,20,0,0,0,0,0,0,0,0,0,0,0,0,1,0,0,0,0,0,0,1,0,0,0,0,0,0,0,0,0,0,0,0,0,0,0,0,0,0,0,0,0,0,0,0,0,0,0,0,0,0,0,0,0,0,0,0,0,0,0,0,0,0,0,0,0,0,0,0,0,0,0,0,1,0,0,0,0,0,0,0,0,0,0,0,0,0,0,0,0,0,0,0,0,0,0,0,[0|0|0|0|0|0|0|0|0|0|0|0|0|0]
5101000,Igon's Helm (Altered),1,0,[0|0|0],505160,0,20,20,0,0.005,1050,0,500,3,-1,-1,-1,7000,1.5,0,-1,-1,-1,-1,-1,-1,-1,-1,-1,-1,-1,-1,-1,-1,-1,-1,1,1,1,1,1,1,1,1,-1,2851,15559,15559,0,0,0,0,[0|0],0,0,0,0,0,0,0,0,24,24,15,20,0,-1,-1,1,0,5,4,0,1,60,0,[0|0],1,1,0,0,0,1,0,0,0,-1,-1,0,1,0,0,0,1,2,0,0.972,0.972,0.969,0.972,0.966,0.964,0.962,109,110,113,110,113,139,139,139,-1,1,0,0.966,0,0,0,0,0,0,0,0,0,0,0,0,0,0,0,0,0,0,0,0,0,0,0,0,0,0,0,0,0,0,0,0,0,0,0,0,[0|0|0|0],0,15,0,1,1,1,1,0,0,0,0,0,0,0,0,0,0,0,0,0,0,0,0,0,0,0,0,0,0,0,0,0,0,0,1,0,1,0,0,1,0,0,0,0,0,0,0,0,0,0,0,0,0,0,0,0,0,0,0,0,0,0,1,1,1,1,1,1,1,1,1,1,0,0,0,0,0,1,1,0,1,1,1,0,0,0,0,0,0,0,0,0,0,0,0,0,0,1,[0|0|0|0|0|0|0|0|0|0|0|0|0|0]
5101100,Igon's Armor (Altered),1,0,[0|0|0],604220,0,45,45,100,0.016,1150,0,500,7.7,-1,-1,-1,7000,1,-0.4,-1,-1,-1,-1,-1,-1,-1,-1,-1,-1,-1,-1,-1,-1,-1,-1,1,1,1,1,1,1,1,1,-1,2851,15560,15560,0,0,0,0,[0|0],0,0,0,0,0,0,0,0,54,54,34,45,0,-1,-1,1,0,2,4,1,1,50,0,[0|0],1,0,1,0,0,0,0,0,0,-1,-1,0,1,0,0,0,1,2,0,0.912,0.912,0.905,0.912,0.898,0.891,0.886,109,50,108,50,113,139,139,139,-1,1,0,0.898,0,0,0,0,0,0,0,0,0,0,0,0,0,0,0,0,0,0,0,0,0,0,0,0,0,0,0,0,0,0,0,0,0,0,0,0,[0|0|0|0],0,34,0,0,0,0,0,0,1,0,0,0,0,0,0,0,0,0,0,0,0,1,0,0,0,0,0,0,0,0,0,0,0,0,0,0,0,0,0,0,0,0,1,1,1,0,1,0,1,1,0,1,1,0,1,0,1,1,1,1,0,1,0,0,0,0,0,0,1,1,0,1,1,0,0,1,0,0,0,0,0,0,0,0,0,0,0,0,0,0,0,0,0,0,0,0,0,0,[0|0|0|0|0|0|0|0|0|0|0|0|0|0]
5190000,Leather Headband,1,0,[0|0|0],505141,0,12,12,0,0.002,1050,0,500,1,-1,-1,-1,7000,1.5,0,-1,-1,-1,-1,-1,-1,-1,-1,-1,-1,-1,-1,-1,-1,-1,-1,1,1,1,1,1,1,1,1,-1,2860,15601,15601,0,0,0,0,[0|0],0,0,0,0,0,0,0,0,16,16,10,11,0,-1,-1,1,0,5,4,0,1,60,0,[0|0],1,1,0,0,0,1,0,0,0,-1,-1,0,1,0,0,0,1,2,0,0.986,0.982,0.979,0.986,0.982,0.977,0.972,109,110,113,110,113,139,139,139,-1,1,0,0.977,0,0,0,0,0,0,0,0,0,0,0,0,0,0,0,0,0,0,0,0,0,0,0,0,0,0,0,0,0,0,0,0,0,0,0,0,[0|0|0|0],0,10,0,0,0,0,0,0,0,0,0,0,0,0,0,0,0,0,0,0,0,0,0,0,0,1,0,0,0,0,0,0,0,0,0,1,0,0,0,1,0,0,0,0,0,0,0,0,0,0,0,0,0,0,0,0,0,0,0,0,0,0,1,1,1,1,0,1,0,0,0,0,0,0,0,0,0,1,0,0,0,0,0,0,0,0,0,0,0,0,0,0,0,0,0,0,0,0,[0|0|0|0|0|0|0|0|0|0|0|0|0|0]
5190100,Gloried Attire,1,0,[0|0|0],604190,0,46,46,100,0.013,1150,0,500,7.1,-1,-1,-1,7000,1,-0.4,-1,-1,-1,-1,-1,-1,-1,-1,-1,-1,-1,-1,-1,-1,-1,-1,1,1,1,1,1,1,1,1,-1,2860,15602,15602,0,0,0,0,[0|0],0,0,0,0,0,0,0,0,57,57,32,42,0,-1,-1,1,0,2,4,1,1,50,0,[0|0],1,0,1,0,0,0,0,0,0,-1,-1,0,1,0,0,0,1,2,0,0.92,0.912,0.905,0.92,0.912,0.898,0.886,109,50,113,50,113,139,139,139,-1,1,0,0.898,0,0,0,0,0,0,0,0,0,0,0,0,0,0,0,0,0,0,0,0,0,0,0,0,0,0,0,0,0,0,0,0,0,0,0,0,[0|0|0|0],0,32,0,0,0,0,0,0,1,0,1,0,0,0,0,0,0,0,0,0,0,1,0,1,0,0,0,0,0,0,0,0,0,0,0,0,0,0,0,0,0,0,0,1,1,1,0,1,1,1,1,0,1,1,0,1,0,1,1,1,0,1,0,0,0,0,0,0,1,1,1,0,1,0,0,1,0,0,0,0,0,0,0,1,1,1,1,1,1,1,1,1,1,1,1,1,1,0,[0|0|0|0|0|0|0|0|0|0|0|0|0|0]
5190200,Leather Arm Wraps,1,0,[0|0|0],704050,0,15,15,0,0.003,1150,0,500,2.4,-1,-1,-1,7000,1.1,0,-1,-1,-1,-1,-1,-1,-1,-1,-1,-1,-1,-1,-1,-1,-1,-1,1,1,1,1,1,1,1,1,-1,2860,15603,15603,0,0,0,0,[0|0],0,0,0,0,0,0,0,0,19,19,11,14,0,-1,-1,1,0,1,4,2,1,50,0,[0|0],1,0,0,1,0,0,0,0,0,-1,-1,0,1,0,0,0,1,2,0,0.981,0.979,0.977,0.981,0.979,0.975,0.972,109,50,113,50,144,139,139,139,-1,1,0,0.975,0,0,0,0,0,0,0,0,0,0,0,0,0,0,0,0,0,0,0,0,0,0,0,0,0,0,0,0,0,0,0,0,0,0,0,0,[0|0|0|0],0,11,0,0,0,0,0,0,0,0,0,0,1,0,0,0,0,0,0,0,0,0,0,0,0,0,1,0,1,0,1,1,0,1,0,0,0,0,0,0,0,0,0,0,0,0,0,0,0,0,0,0,0,0,0,0,0,0,0,0,0,0,0,0,0,0,0,0,0,0,0,0,0,0,0,0,0,0,0,0,0,0,0,0,0,0,0,0,0,0,0,0,0,0,0,0,0,0,[0|0|0|0|0|0|0|0|0|0|0|0|0|0]
5190300,Leather Leg Wraps,1,0,[0|0|0],804060,0,29,29,0,0.008,1250,0,500,4.4,-1,-1,-1,7000,1.1,0,-1,-1,-1,-1,-1,-1,-1,-1,-1,-1,-1,-1,-1,-1,-1,-1,1,1,1,1,1,1,1,1,-1,2860,15604,15604,0,0,0,0,[0|0],0,0,0,0,0,0,0,0,35,35,20,26,0,-1,-1,1,0,6,4,3,1,50,0,[0|0],1,0,0,0,1,0,0,0,0,-1,-1,0,1,0,0,0,1,2,0,0.955,0.95,0.946,0.955,0.95,0.942,0.935,109,50,113,50,113,139,113,139,111,1,0,0.942,0,0,0,0,0,0,0,0,0,0,0,0,0,0,0,0,0,0,0,0,0,0,0,0,0,0,0,0,0,0,0,0,0,0,0,0,[0|0|0|0],0,20,0,0,0,0,0,0,0,0,0,0,0,0,0,0,0,1,1,0,0,1,0,0,0,0,0,0,0,0,0,0,0,0,0,0,0,0,0,0,0,0,0,0,0,0,0,0,0,0,0,0,0,0,0,0,0,0,0,0,0,0,0,0,0,0,0,0,0,0,0,0,0,0,1,0,0,0,0,0,0,0,0,0,0,0,0,0,0,0,0,0,0,0,0,0,0,0,[0|0|0|0|0|0|0|0|0|0|0|0|0|0]
5191000,Leather Crown,1,0,[0|0|0],505142,0,22,22,0,0.005,1050,0,500,3.3,-1,-1,-1,7000,1.5,0,-1,-1,-1,-1,-1,-1,-1,-1,-1,-1,-1,-1,-1,-1,-1,-1,1,1,1,1,1,1,1,1,-1,2861,15605,15605,0,0,0,0,[0|0],0,0,0,0,0,0,0,0,26,26,15,20,0,-1,-1,1,0,5,4,0,1,60,0,[0|0],1,1,0,0,0,1,0,0,0,-1,-1,0,1,0,0,0,1,2,0,0.969,0.966,0.964,0.969,0.966,0.962,0.958,109,110,108,110,113,139,139,139,-1,1,0,0.962,0,0,0,0,0,0,0,0,0,0,0,0,0,0,0,0,0,0,0,0,0,0,0,0,0,0,0,0,0,0,0,0,0,0,0,0,[0|0|0|0],0,15,0,0,0,0,0,0,0,0,0,0,0,0,0,0,0,0,0,0,0,0,0,0,0,0,0,0,0,0,0,0,0,0,1,0,1,0,0,1,0,0,0,0,0,0,0,0,0,0,0,0,0,0,0,0,0,0,0,0,0,0,1,1,1,1,1,0,1,1,1,1,0,0,0,0,0,1,0,0,0,0,0,0,0,0,0,0,0,0,0,0,0,0,0,0,0,1,[0|0|0|0|0|0|0|0|0|0|0|0|0|0]
5191100,Highland Attire,1,0,[0|0|0],604180,0,42,42,100,0.013,1150,0,500,6.3,-1,-1,-1,7000,1,-0.4,-1,-1,-1,-1,-1,-1,-1,-1,-1,-1,-1,-1,-1,-1,-1,-1,1,1,1,1,1,1,1,1,-1,2861,15606,15606,0,0,0,0,[0|0],0,0,0,0,0,0,0,0,55,55,28,38,0,-1,-1,1,0,2,4,1,1,50,0,[0|0],1,0,1,0,0,0,0,0,0,-1,-1,0,1,0,0,0,1,2,0,0.929,0.92,0.912,0.929,0.92,0.905,0.891,109,50,113,50,113,139,139,139,-1,1,0,0.905,0,0,0,0,0,0,0,0,0,0,0,0,0,0,0,0,0,0,0,0,0,0,0,0,0,0,0,0,0,0,0,0,0,0,0,0,[0|0|0|0],0,28,0,0,0,0,0,0,1,0,1,0,0,0,0,0,0,0,0,0,0,1,0,1,0,0,0,0,0,0,0,0,0,0,0,0,0,0,0,0,0,0,1,1,0,1,0,1,1,1,0,1,1,1,0,1,0,1,1,1,0,1,0,0,0,0,0,0,0,1,1,1,0,0,0,1,0,0,0,0,0,0,0,0,0,0,0,0,0,0,0,0,0,0,0,0,0,0,[0|0|0|0|0|0|0|0|0|0|0|0|0|0]
5253000,Divine Bird Helm,1,0,[0|0|0],507200,0,0,0,0,0.008,1050,0,500,4.6,6525300,-1,-1,7000,1.5,0,-1,-1,-1,-1,-1,-1,-1,-1,-1,-1,-1,-1,-1,-1,-1,-1,1,1,1,1,1,1,1,1,-1,3086,15635,15635,0,0,0,0,[0|0],0,0,0,0,0,0,0,0,14,14,22,9,0,-1,-1,1,0,5,4,0,2,80,0,[0|0],1,1,0,0,0,1,0,0,0,-1,-1,0,1,0,0,0,1,2,0,0.952,0.956,0.956,0.958,0.962,0.964,0.972,109,110,106,110,113,139,139,139,-1,1,0,0.969,0,0,0,0,0,0,0,0,0,0,0,0,0,0,0,0,0,0,0,0,0,0,0,0,0,0,0,0,0,0,0,0,0,0,0,0,[0|0|0|0],0,22,1,1,1,1,1,0,0,0,0,0,0,0,0,0,0,0,0,0,0,0,0,0,0,0,0,0,0,0,0,0,0,0,1,0,1,0,0,1,0,0,0,0,0,0,0,0,0,0,0,0,0,0,0,0,0,0,0,0,0,0,1,1,1,1,1,1,1,1,1,1,0,0,0,0,0,1,1,0,1,1,1,0,0,0,0,0,0,0,0,0,0,0,0,0,0,1,[0|0|0|0|0|0|0|0|0|0|0|0|0|0]
5253100,Divine Bird Warrior Armor,1,0,[0|0|0],607280,0,23,23,100,0.025,1150,0,500,11.6,-1,-1,-1,7000,1,-0.4,-1,-1,-1,-1,-1,-1,-1,-1,-1,-1,-1,-1,-1,-1,-1,-1,1,1,1,1,1,1,1,1,-1,3086,15636,15636,0,0,0,0,[0|0],0,0,0,0,0,0,0,0,37,37,56,23,0,-1,-1,1,0,2,4,1,1,80,0,[0|0],1,0,1,0,0,0,0,0,0,-1,-1,0,1,0,0,0,1,2,0,0.86,0.865,0.871,0.876,0.886,0.886,0.905,109,50,106,50,113,139,139,139,-1,1,0,0.898,0,0,0,0,0,0,0,0,0,0,0,0,0,0,0,0,0,0,0,0,0,0,0,0,0,0,0,0,0,0,0,0,0,0,0,0,[0|0|0|0],0,56,0,0,0,0,0,0,1,1,1,1,1,0,0,0,0,0,0,0,0,1,1,1,0,0,0,0,0,0,0,0,0,0,0,0,0,0,0,0,0,0,1,0,1,1,0,1,1,0,1,1,1,1,0,1,0,1,1,1,0,1,0,0,0,0,0,0,1,1,0,1,0,0,0,1,0,0,0,1,0,0,0,0,0,0,0,0,0,0,0,0,0,0,0,0,0,0,[0|0|0|0|0|0|0|0|0|0|0|0|0|0]
