ID,Name,param000,param001,param002,param003,param004,param005,param006,param007,param008,param009,param010,param011,param012,param013,param014,param015,param016,param017,param018,param019,param020,param021,param022,param023,param024,param025,param026,param027,param028,param029,param030,param031,param032,param033,param034,param035,param036,param037,param038,param039,param040,param041,param042,param043,param044,param045,param046,param047,param048,param049,param050,param051,param052,param053,param054,param055,param056,param057,param058,param059,param060,param061,param062,param063,param064,param065,param066,param067,param068,param069,param070,param071,param072,param073,param074,param075,param076,param077,param078,param079,param080,param081,param082,param083,param084,param085,param086,param087,param088,param089,param090,param091,param092,param093,param094,param095,param096,param097,param098,param099,param100,param101,param102,param103,param104,param105,param106,param107,param108,param109,param110,param111,param112,param113,param114,param115,param116,param117,param118,param119,param120,param121,param122,param123,param124,param125,param126,param127,param128,param129,param130,param131,param132,param133,param134,param135,param136,param137,param138,param139,param140,param141,param142,param143,param144,param145,param146,param147,param148,param149,param150,param151,param152,param153,param154,param155,param156,param157,param158,param159,param160,param161,param162,param163,param164,param165,param166,param167,param168,param169,param170,param171,param172,param173,param174,param175,param176,param177,param178,param179,param180,param181,param182,param183,param184,param185,param186,param187,param188,param189,param190,param191,param192,param193,param194,param195,param196,param197,param198,param199,
104,,0,0,0,0,0,0,0,0,0,0,0,0,0,0,0,0,0,0,0,0,0,0,53,25,35,0,0,0,0,0,0,0,0,0,0,0,0,-9999,0,0,0,0,0,0,0,0,0,0,0,0,0,0,0,0,0,0,0,0,0,0,0,0,0,0,0,0,0,0,0,0,0,0,0,0,20,0,0,0,0,0,0,40,0,0,0,0,0,0,0,0,0,0,0,0,0,0,0,0,0,0,0,0,0,0,0,0,0,0,0,0,0,0,0,0,0,0,0,0,0,0,0,0,0,0,0,0,0,0,0,0,0,0,0,0,0,0,0,0,0,0,-9999,0,0,0,0,55,1000,60,0,0,0,0,0,0,0,0,0,0,0,0,0,0,0,0,0,0,0,0,0,0,0,0,0,0,0,0,0,0,0,0,0,0,0,0,0,0,0,0,0,0,0,0,0,0,0,0,0,0,0,0
0,,1,1,1,1,1,1,1,1,1,0,1,1,1,1,1,5,5,5,0,0,1,1,1,1,1,1,1,1,1,1,1,1,1,1,1,6,6,6,0,0,1,1,1,1,1,1,1,1,1,1,1,1,1,1,1,7,7,0,0,0,1,1,1,1,1,1,1,1,1,1,1,1,1,1,1,1,1,1,1,1,1,1,1,1,1,8,8,8,8,0,1,1,1,1,1,9,9,9,0,0,10,10,10,10,10,10,10,0,0,0,2,2,2,2,2,2,2,2,2,0,3,3,3,3,3,3,3,0,0,0,4,4,4,4,4,4,4,4,4,4,100,101,102,103,104,1,1,1,1,1,1,1,1,1,1,1,0,0,0,0,0,0,0,0,0,0,0,0,0,0,0,0,0,0,0,0,0,0,0,0,0,0,0,0,0,0,0,0,0,0,0,0,0,0,0,0,0,0,0,0
1,,1,2,3,4,5,6,7,8,9,0,11,12,0,27,29,1501,1502,1500,0,0,22,25,28,30,31,21,23,24,26,32,35,36,0,0,0,1601,1600,1602,0,0,41,42,43,44,45,46,47,48,49,50,51,52,0,68,69,1701,1700,0,0,0,62,65,67,70,71,61,63,64,66,72,101,102,103,104,105,106,107,108,109,110,111,112,0,0,0,1801,1802,1803,1800,0,120,0,0,0,0,1901,1902,1900,0,0,2001,2002,2003,2004,2005,2006,2000,0,0,0,1205,1204,1208,1207,1200,1201,1203,1202,1206,0,1301,1302,1304,1305,1300,1303,1306,0,0,0,1401,1402,1403,1404,1405,1406,1407,1408,1400,1409,9000,9010,9020,9030,9040,153,150,151,152,154,200,210,220,230,231,232,0,0,0,0,0,0,0,0,0,0,0,0,0,0,0,0,0,0,0,0,0,0,0,0,0,0,0,0,0,0,0,0,0,0,0,0,0,0,0,0,0,0,0,0
102,,0,0,0,0,0,0,0,0,0,0,0,0,0,0,0,0,0,0,0,0,5,30,26,25,35,8,0,11,12,0,0,0,0,0,0,0,0,-9999,0,0,0,0,0,0,0,0,0,0,0,0,0,0,0,0,0,0,0,0,0,0,0,0,0,0,0,0,0,0,0,0,10,0,0,0,10,10,0,0,0,0,0,0,0,0,0,0,0,0,0,0,0,0,0,0,0,0,0,0,0,0,0,0,0,0,0,0,0,0,0,0,0,0,0,0,0,0,0,0,0,0,0,0,0,0,0,0,0,0,0,0,0,0,0,0,0,0,0,0,0,0,-9999,0,0,0,0,35,1000,30,0,0,0,0,0,0,0,0,0,0,0,0,0,0,0,0,0,0,0,0,0,0,0,0,0,0,0,0,0,0,0,0,0,0,0,0,0,0,0,0,0,0,0,0,0,0,0,0,0,0,0,0
103,,0,0,0,0,0,0,0,0,0,0,0,0,0,0,0,0,0,0,0,0,0,26,53,25,35,0,0,0,0,0,0,0,0,0,0,0,0,-9999,0,0,0,0,0,0,0,0,0,0,0,0,0,0,0,0,0,0,0,0,0,0,0,0,0,0,0,0,0,0,0,0,10,0,0,0,10,10,0,0,0,0,0,0,0,0,0,0,0,0,0,0,0,0,0,0,0,0,0,0,0,0,0,0,0,0,0,0,0,0,0,0,0,0,0,0,0,0,0,0,0,0,0,0,0,0,0,0,0,0,0,0,0,0,0,0,0,0,0,0,0,0,-9999,0,0,0,0,45,1000,60,0,0,0,0,0,0,0,0,0,0,0,0,0,0,0,0,0,0,0,0,0,0,0,0,0,0,0,0,0,0,0,0,0,0,0,0,0,0,0,0,0,0,0,0,0,0,0,0,0,0,0,0
112,,0,0,0,0,0,0,0,0,0,0,0,0,0,0,0,0,0,0,0,0,5,30,26,25,35,8,0,11,12,0,0,0,0,0,0,0,0,-9999,0,0,0,0,0,0,0,0,0,0,0,0,0,0,0,0,0,0,0,0,0,0,0,0,0,0,0,0,0,0,0,0,0,0,0,0,30,0,0,0,0,0,0,0,0,0,0,0,0,0,0,0,0,0,0,0,0,0,0,0,0,0,0,0,0,0,0,0,0,0,0,0,0,0,0,0,0,0,0,0,0,0,0,0,0,0,0,0,0,0,0,0,0,0,0,0,0,0,0,0,0,0,-9999,0,0,0,0,35,1000,30,0,0,0,0,0,0,0,0,0,0,0,0,0,0,0,0,0,0,0,0,0,0,0,0,0,0,0,0,0,0,0,0,0,0,0,0,0,0,0,0,0,0,0,0,0,0,0,0,0,0,0,0
113,,0,0,0,0,0,0,0,0,0,0,0,0,0,0,0,0,0,0,0,0,0,26,53,25,35,0,0,0,0,0,0,0,0,0,0,0,0,-9999,0,0,0,0,0,0,0,0,0,0,0,0,0,0,0,0,0,0,0,0,0,0,0,0,0,0,0,0,0,0,0,0,0,10,0,0,10,0,10,0,0,0,0,0,0,0,0,0,0,0,0,0,0,0,0,0,0,0,0,0,0,0,0,0,0,0,0,0,0,0,0,0,0,0,0,0,0,0,0,0,0,0,0,0,0,0,0,0,0,0,0,0,0,0,0,0,0,0,0,0,0,0,-9999,0,0,0,0,45,1000,60,0,0,0,0,0,0,0,0,0,0,0,0,0,0,0,0,0,0,0,0,0,0,0,0,0,0,0,0,0,0,0,0,0,0,0,0,0,0,0,0,0,0,0,0,0,0,0,0,0,0,0,0
114,,0,0,0,0,0,0,0,0,0,0,0,0,0,0,0,0,0,0,0,0,0,0,53,25,35,0,0,0,0,0,0,0,0,0,0,0,0,-9999,0,0,0,0,0,0,0,0,0,0,0,0,0,0,0,0,0,0,0,0,0,0,0,0,0,0,0,0,0,0,0,0,0,10,0,0,0,0,20,0,0,0,0,40,0,0,0,0,0,0,0,0,0,0,0,0,0,0,0,0,0,0,0,0,0,0,0,0,0,0,0,0,0,0,0,0,0,0,0,0,0,0,0,0,0,0,0,0,0,0,0,0,0,0,0,0,0,0,0,0,0,0,-9999,0,0,0,0,55,1000,60,0,0,0,0,0,0,0,0,0,0,0,0,0,0,0,0,0,0,0,0,0,0,0,0,0,0,0,0,0,0,0,0,0,0,0,0,0,0,0,0,0,0,0,0,0,0,0,0,0,0,0,0
122,,0,0,0,0,0,0,0,0,0,0,0,0,0,0,0,0,0,0,0,0,5,30,26,25,35,8,0,11,12,0,0,0,0,0,0,0,0,-9999,0,0,0,0,0,0,0,0,0,0,0,0,0,0,0,0,0,0,0,0,0,0,0,0,0,0,0,0,0,0,0,0,0,10,0,0,10,0,10,0,0,0,0,0,0,0,0,0,0,0,0,0,0,0,0,0,0,0,0,0,0,0,0,0,0,0,0,0,0,0,0,0,0,0,0,0,0,0,0,0,0,0,0,0,0,0,0,0,0,0,0,0,0,0,0,0,0,0,0,0,0,0,-9999,0,0,0,0,35,1000,30,0,0,0,0,0,0,0,0,0,0,0,0,0,0,0,0,0,0,0,0,0,0,0,0,0,0,0,0,0,0,0,0,0,0,0,0,0,0,0,0,0,0,0,0,0,0,0,0,0,0,0,0
123,,0,0,0,0,0,0,0,0,0,0,0,0,0,0,0,0,0,0,0,0,0,26,53,25,35,0,0,0,0,0,0,0,0,0,0,0,0,-9999,0,0,0,0,0,0,0,0,0,0,0,0,0,0,0,0,0,0,0,0,0,0,0,0,0,0,0,0,0,0,0,0,0,10,0,0,0,0,20,0,0,0,0,0,0,0,0,0,0,0,0,0,0,0,0,0,0,0,0,0,0,0,0,0,0,0,0,0,0,0,0,0,0,0,0,0,0,0,0,0,0,0,0,0,0,0,0,0,0,0,0,0,0,0,0,0,0,0,0,0,0,0,-9999,0,0,0,0,45,1000,60,0,0,0,0,0,0,0,0,0,0,0,0,0,0,0,0,0,0,0,0,0,0,0,0,0,0,0,0,0,0,0,0,0,0,0,0,0,0,0,0,0,0,0,0,0,0,0,0,0,0,0,0
124,,0,0,0,0,0,0,0,0,0,0,0,0,0,0,0,0,0,0,0,0,0,0,53,25,35,0,0,0,0,0,0,0,0,0,0,0,0,-9999,0,0,0,0,0,0,0,0,0,0,0,0,0,0,0,0,0,0,0,0,0,0,0,0,0,0,0,0,0,0,0,0,0,10,0,0,0,0,20,0,0,0,0,0,0,0,0,0,0,0,0,0,0,0,0,0,0,0,0,0,0,0,0,0,0,0,0,0,0,0,0,0,0,0,0,0,0,0,0,0,0,0,0,0,0,0,0,0,0,0,0,0,0,0,0,0,0,0,0,0,0,0,-9999,0,0,0,0,55,1000,60,0,0,0,0,0,0,0,0,0,0,0,0,0,0,0,0,0,0,0,0,0,0,0,0,0,0,0,0,0,0,0,0,0,0,0,0,0,0,0,0,0,0,0,0,0,0,0,0,0,0,0,0
4200,,-9999,-9999,-9999,-9999,-9999,-9999,-9999,-9999,-9999,0,-9999,-9999,0,-9999,-9999,-9999,-9999,0,0,0,-9999,-9999,-9999,-9999,-9999,-9999,-9999,-9999,-9999,-9999,-9999,-9999,0,0,0,-9999,0,-9999,0,0,-9999,-9999,-9999,-9999,-9999,-9999,-9999,-9999,-9999,-9999,-9999,-9999,0,-9999,-9999,-9999,0,0,0,0,-9999,-9999,-9999,-9999,-9999,-9999,-9999,-9999,-9999,-9999,-9999,-9999,-9999,-9999,1,0,-9999,0,0,0,0,0,0,0,0,-9999,-9999,-9999,0,0,-9999,0,0,0,0,-9999,0,0,0,0,-9999,-9999,-9999,-9999,-9999,-9999,0,0,0,0,-9999,-9999,-9999,-9999,0,-9999,-9999,-9999,-9999,0,-9999,-9999,-9999,-9999,0,-9999,-9999,0,0,0,-9999,-9999,-9999,-9999,-9999,-9999,-9999,-9999,0,-9999,0,0,0,0,0,-9999,0,-9999,-9999,-9999,-9999,-9999,-9999,0,-9999,-9999,0,0,0,0,0,0,0,0,0,0,0,0,0,0,0,0,0,0,0,0,0,0,0,0,0,0,0,0,0,0,0,0,0,0,0,0,0,0,0,0,0,0,0,0
9600,,-25,-25,-25,-25,-25,-25,-25,-25,-25,0,-25,-25,0,-25,-25,0,0,0,0,0,-25,-25,-25,-25,-25,-25,-25,-25,-25,-25,-25,-25,0,0,0,0,0,0,0,0,-25,-25,-25,-25,-25,-25,-25,-25,-25,-25,-25,-25,0,-25,-25,0,0,0,0,0,-25,-25,-25,-25,-25,-25,-25,-25,-25,-25,0,80,0,0,120,0,0,0,0,0,0,0,0,0,0,0,0,0,0,0,0,0,0,0,0,0,0,0,0,0,0,0,0,0,0,0,0,0,0,0,0,0,0,0,0,0,0,0,0,0,0,0,0,0,0,0,0,0,0,0,0,0,0,0,0,0,0,0,0,0,0,0,0,0,0,0,0,0,0,0,0,0,0,0,0,0,0,0,0,0,0,0,0,0,0,0,0,0,0,0,0,0,0,0,0,0,0,0,0,0,0,0,0,0,0,0,0,0,0,0,0,0,0,0,0,0,0,0,0,0
9700,,-50,-50,-50,-50,-50,-50,-50,-50,-50,0,-50,-50,0,-50,-50,0,0,0,0,0,-50,-50,-50,-50,-50,-50,-50,-50,-50,-50,-50,-50,0,0,0,0,0,0,0,0,-50,-50,-50,-50,-50,-50,-50,-50,-50,-50,-50,-50,0,-50,-50,0,0,0,0,0,-50,-50,-50,-50,-50,-50,-50,-50,-50,-50,0,30,0,0,170,0,0,0,0,0,0,0,0,0,0,0,0,0,0,0,0,0,0,0,0,0,0,0,0,0,0,0,0,0,0,0,0,0,0,0,0,0,0,0,0,0,0,0,0,0,0,0,0,0,0,0,0,0,0,0,0,0,0,0,0,0,0,0,0,0,0,0,0,0,0,0,0,0,0,0,0,0,0,0,0,0,0,0,0,0,0,0,0,0,0,0,0,0,0,0,0,0,0,0,0,0,0,0,0,0,0,0,0,0,0,0,0,0,0,0,0,0,0,0,0,0,0,0,0,0
15144,,0,0,-9999,-9999,-9999,-9999,-9999,-9999,-9999,0,0,0,0,-9999,-9999,-9999,-9999,9999,0,0,40,30,-9999,-9999,-9999,30,20,20,-9999,-9999,-9999,-9999,0,0,0,-9999,60,-9999,0,0,-9999,-9999,-9999,-9999,-9999,-9999,-9999,-9999,-9999,-9999,0,0,0,0,0,-9999,60,0,0,0,0,0,0,0,0,0,0,0,0,0,0,-9999,-9999,0,0,0,-9999,-9999,-9999,-9999,0,0,0,0,0,-9999,-9999,-9999,60,0,0,0,0,0,0,-9999,-9999,60,0,0,0,0,0,0,0,0,0,0,0,0,0,-9999,-9999,-9999,0,0,-9999,0,-9999,0,-9999,-9999,0,0,0,0,0,0,0,0,0,-9999,-9999,0,-9999,-9999,-9999,-9999,40,-9999,-9999,-9999,-9999,0,0,0,0,0,0,0,0,0,0,0,0,0,0,0,0,0,0,0,0,0,0,0,0,0,0,0,0,0,0,0,0,0,0,0,0,0,0,0,0,0,0,0,0,0,0,0,0,0,0,0,0,0,0,0,0,0
15155,,0,-9999,0,-9999,-9999,-9999,-9999,-9999,0,0,0,0,0,-9999,-9999,0,0,9999,0,0,-9999,-9999,-9999,-9999,-9999,-9999,-9999,-9999,-9999,-9999,-9999,-9999,0,0,0,-9999,9999,-9999,0,0,-9999,-9999,-9999,-9999,-9999,-9999,-9999,-9999,-9999,-9999,-9999,-9999,0,-9999,-9999,-9999,9999,0,0,0,-9999,-9999,-9999,-9999,9999,-9999,-9999,-9999,-9999,-9999,-9999,-9999,-9999,-9999,-9999,-9999,-9999,-9999,-9999,-9999,-9999,-9999,0,0,0,-9999,-9999,-9999,9999,0,0,0,0,0,0,-9999,-9999,9999,0,0,0,0,0,0,0,0,0,0,0,0,-9999,-9999,-9999,0,0,0,0,20,0,0,60,25,-9999,-9999,0,25,-9999,0,0,0,0,0,-9999,-9999,-9999,-9999,-9999,-9999,0,0,0,0,-9999,-9999,-9999,-9999,0,-9999,-9999,-9999,-9999,-9999,-9999,-9999,-9999,-9999,0,0,0,0,0,0,0,0,0,0,0,0,0,0,0,0,0,0,0,0,0,0,0,0,0,0,0,0,0,0,0,0,0,0,0,0,0,0,0,0,0,0,0,0
15156,,0,0,-9999,-9999,-9999,-9999,0,0,-9999,0,0,0,0,-9999,-9999,-9999,-9999,9999,0,0,-9999,-9999,-9999,-9999,-9999,-9999,-9999,-9999,-9999,-9999,-9999,-9999,0,0,0,0,0,0,0,0,-9999,-9999,-9999,-9999,-9999,-9999,-9999,-9999,-9999,-9999,-9999,-9999,0,0,-9999,0,0,0,0,0,20,-9999,0,0,60,20,-9999,0,-9999,0,0,-9999,-9999,0,15,20,10,-9999,0,-9999,0,0,0,0,0,0,0,0,0,0,0,0,0,0,0,-9999,-9999,9999,0,0,0,0,0,0,-9999,0,0,0,0,0,0,0,-9999,-9999,20,0,-9999,0,-9999,0,0,0,0,0,10,0,0,0,0,0,10,-9999,10,10,-9999,-9999,-9999,-9999,10,-9999,0,0,-9999,-9999,-9999,0,0,0,0,0,0,65,100,0,0,0,0,0,0,0,0,0,0,0,0,0,0,0,0,0,0,0,0,0,0,0,0,0,0,0,0,0,0,0,0,0,0,0,0,0,0,0,0,0,0,0,0,0,0,0
